{"schematics":[{"docType":1,"title":"Sheet_1","dataStr":{"head":{"docType":"1","editorVersion":"6.4.19.5","newgId":true,"c_para":{"Prefix Start":"1"},"c_spiceCmd":null,"hasIdFlag":true},"canvas":"CA~1000~1000~#FFFFFF~yes~#CCCCCC~5~1000~1000~line~5~pixel~5~0~0","shape":["LIB~0~-806~package`NONE`BOM_Manufacturer Part`?`spicePre`.`~~0~frame_lib_1~~~0~~yes~yes#@$T~N~570.5~-809~0~#000080~Arial~~~~~comment~A~0~start~gge78~0~#@$PT~M 206 -796 L 206 -806 M 206 -10 L 206 0 M 402 -796 L 402 -806 M 402 -10 L 402 0 M 598 -796 L 598 -806 M 598 -10 L 598 0 M 794 -796 L 794 -806 M 794 -10 L 794 0 M 990 -796 L 990 -806 M 990 -10 L 990 0 M 10 -600 L 0 -600 M 1139 -600 L 1149 -600 M 10 -404 L 0 -404 M 1139 -404 L 1149 -404 M 10 -208 L 0 -208 M 1139 -208 L 1149 -208 M 10 -12 L 0 -12 M 1139 -12 L 1149 -12~#880000~1~0~none~gge6~0~frame_tick#@$T~P~571.3046875~-817.609375~0~#000080~Arial~~~~~comment~A~0~start~gge77~0~#@$T~L~1.5~-698~0~#880000~~~~~~comment~A~1~start~gge7~0~frame_tick#@$T~L~1140.5~-698~0~#880000~~~~~~comment~A~1~start~gge9~0~frame_tick#@$T~L~1.5~-502~0~#880000~~~~~~comment~B~1~start~gge11~0~frame_tick#@$T~L~1140.5~-502~0~#880000~~~~~~comment~B~1~start~gge13~0~frame_tick#@$T~L~1.5~-306~0~#880000~~~~~~comment~C~1~start~gge15~0~frame_tick#@$T~L~1140.5~-306~0~#880000~~~~~~comment~C~1~start~gge17~0~frame_tick#@$T~L~1.5~-110~0~#880000~~~~~~comment~D~1~start~gge19~0~frame_tick#@$T~L~1140.5~-110~0~#880000~~~~~~comment~D~1~start~gge21~0~frame_tick#@$T~L~108~-797.5~0~#880000~~~~~~comment~1~1~start~gge23~0~frame_tick#@$T~L~108~-1.5~0~#880000~~~~~~comment~1~1~start~gge25~0~frame_tick#@$T~L~304~-797.5~0~#880000~~~~~~comment~2~1~start~gge27~0~frame_tick#@$T~L~304~-1.5~0~#880000~~~~~~comment~2~1~start~gge29~0~frame_tick#@$T~L~500~-797.5~0~#880000~~~~~~comment~3~1~start~gge31~0~frame_tick#@$T~L~500~-1.5~0~#880000~~~~~~comment~3~1~start~gge33~0~frame_tick#@$T~L~696~-797.5~0~#880000~~~~~~comment~4~1~start~gge35~0~frame_tick#@$T~L~696~-1.5~0~#880000~~~~~~comment~4~1~start~gge37~0~frame_tick#@$T~L~892~-797.5~0~#880000~~~~~~comment~5~1~start~gge39~0~frame_tick#@$T~L~892~-1.5~0~#880000~~~~~~comment~5~1~start~gge41~0~frame_tick#@$R~10~-796~~~1129~786~#880000~1~0~none~gge43~0~frame_innerbox#@$R~0~-806~~~1149~806~#880000~1~0~none~gge44~0~frame_outbox#@$R~694.99995~-90~~~444~80~#880000~1~0~none~gge45~0~frame_hitarea#@$PL~695.1 -50.75 1138.63 -50.75~#880000~1~0~none~gge46~0#@$PL~799.63 -30.75 1138.63 -30.75~#880000~1~0~none~gge47~0#@$PL~1059.61 -89.93 1059.63 -50.75~#880000~1~0~none~gge48~0#@$PL~1059.63 -50.75 1059.63 -30.75~#880000~1~0~none~gge49~0#@$T~L~699.99995~-77~0~#880000~~8pt~~~~comment~TITLE:~1~start~gge50~0~pinpart#@$T~L~757.62495~-64.41~0~#0000FF~~10pt~~~~comment~SMART_SWITCH~1~start~gge52~0~frame_title#@$T~L~1064.62495~-63.75~0~#880000~~8pt~~~~comment~REV:~1~start~gge54~0~pinpart#@$T~L~1102.62495~-63.75~0~#0000FF~~9pt~~~~comment~1.0~1~start~gge56~0~frame_version#@$T~L~804.62495~-15~0~#880000~~8pt~~~~comment~Date:~1~start~gge58~0~pinpart#@$T~L~851.62495~-14.52~0~#0000FF~~9pt~~~~comment~2021-06-13~1~start~gge60~0~frame_date#@$T~L~1063.62495~-35~0~#880000~~8pt~~~~comment~Sheet:~1~start~gge62~0~pinpart#@$T~L~1108.62495~-34.52~0~#0000FF~~9pt~~~~comment~1\/1~1~start~gge64~0~frame_sheet#@$T~L~943.62495~-14.75~0~#880000~~8pt~~~~comment~Drawn By:~1~start~gge66~0~pinpart#@$T~L~1008.63~-14.75~0~#0000FF~~9pt~~~~comment~vakeesank99~1~start~gge68~0~frame_drawn#@$T~L~804.62495~-36.75~0~#880000~~8pt~~~~comment~Company:~1~start~gge70~0~pinpart#@$PL~799.63 -50.75 799.63 -10.75~#880000~1~0~none~gge74~0","LIB~1040~-700~package`CONN-TH_MKDS1-2-3.5`BOM_Supplier`LCSC`BOM_Manufacturer`Phoenix Contact`BOM_Manufacturer Part`MKDS1\/2-3.5`BOM_Supplier Part`C89122`BOM_JLCPCB Part Class`Extended Part`spicePre`C`spiceSymbolName`MKDS1\/2-3.5`~0~0~gge2a46274a4eb11e4b~42a67ca2a9a84be1987a95ee5b063cc0~416ab05401744976ae89a363c40beb53~0~~yes~yes#@$T~N~1024.65625~-718~0~#000080~Arial~~~~~comment~MKDS1\/2-3.5~1~start~gge10673~0~#@$T~P~1024.6640625~-727.140625~0~#000080~Arial~~~~~comment~CN1~1~start~gge10675~0~#@$R~1030~-715~2~2~20~30~#880000~1~0~none~gge10677~0~#@$E~1033~-712~1.5~1.5~#880000~1~0~#880000~gge10678~0#@$P~show~0~1~1020~-705~180~gge10679~0^^1020~-705^^M 1020 -705 h 10~#880000^^1~1033.7~-701~0~1~start~~~#0000FF^^1~1029.5~-706~0~1~end~~~#0000FF^^0~1027~-705^^0~M 1030 -702 L 1033 -705 L 1030 -708#@$P~show~0~2~1020~-695~180~gge10686~0^^1020~-695^^M 1020 -695 h 10~#880000^^1~1033.7~-691~0~2~start~~~#0000FF^^1~1029.5~-696~0~2~end~~~#0000FF^^0~1027~-695^^0~M 1030 -692 L 1033 -695 L 1030 -698","LIB~70~-455~package`CONN-TH_MKDS1-2-3.5`BOM_Supplier`LCSC`BOM_Manufacturer`Phoenix Contact`BOM_Manufacturer Part`MKDS1\/2-3.5`BOM_Supplier Part`C89122`BOM_JLCPCB Part Class`Extended Part`spicePre`C`spiceSymbolName`MKDS1\/2-3.5`~180~0~gge88ca0d75341ac91a~42a67ca2a9a84be1987a95ee5b063cc0~416ab05401744976ae89a363c40beb53~0~~yes~yes#@$T~N~66.578125~-473~0~#000080~Arial~~~~~comment~MKDS1\/2-3.5~1~start~gge10695~0~#@$T~P~66.5859375~-482.140625~0~#000080~Arial~~~~~comment~CN2~1~start~gge10697~0~#@$R~60~-470~2~2~20~30~#880000~1~0~none~gge10699~0~#@$E~77~-443~1.5~1.5~#880000~1~0~#880000~gge10700~0#@$P~show~0~1~90~-450~0~gge10701~0^^90~-450^^M 90 -450 h -10~#880000^^1~76.3~-446~0~1~end~~~#0000FF^^1~80.5~-451~0~1~start~~~#0000FF^^0~83~-450^^0~M 80 -453 L 77 -450 L 80 -447#@$P~show~0~2~90~-460~0~gge10708~0^^90~-460^^M 90 -460 h -10~#880000^^1~76.3~-456~0~2~end~~~#0000FF^^1~80.5~-461~0~2~start~~~#0000FF^^0~83~-460^^0~M 80 -463 L 77 -460 L 80 -457","LIB~905~-365~package`DIP-4_L4.6-W6.5-P2.54-LS7.6-BL`BOM_Supplier`LCSC`BOM_Supplier Part`C695830`BOM_Manufacturer`UMW(Youtai Semiconductor Co., Ltd.)`BOM_Manufacturer Part`817B`Contributor`LCSC`BOM_JLCPCB Part Class`Extended Part`spicePre`U`spiceSymbolName`817B`~~0~gge49460f58cd8a0afd~2b9b6f2a35734a199ff1482393809390~57c9ef6432d543c399959f0c730fc364~0~~yes~yes#@$T~N~899.03125~-388.203125~0~#000080~Arial~~~~~comment~817B~1~start~gge11132~0~#@$T~P~899.03125~-397.203125~0~#000080~Arial~~~~~comment~U1~1~start~gge11134~0~#@$P~show~0~4~955~-375~0~gge11136~0^^955~-375^^M 955 -375 h -20~#880000^^1~933~-372~0~COL~end~~~#0000FF^^1~940~-376~0~4~start~~~#0000FF^^0~938~-375^^0~M 935 -378 L 932 -375 L 935 -372#@$P~show~0~3~955~-355~0~gge11143~0^^955~-355^^M 955 -355 h -20~#880000^^1~933~-352~0~EM~end~~~#0000FF^^1~940~-356~0~3~start~~~#0000FF^^0~938~-355^^0~M 935 -358 L 932 -355 L 935 -352#@$P~show~0~2~855~-355~180~gge11150~0^^855~-355^^M 855 -355 h 20~#880000^^1~877~-352~0~C~start~~~#0000FF^^1~870~-356~0~2~end~~~#0000FF^^0~872~-355^^0~M 875 -352 L 878 -355 L 875 -358#@$P~show~0~1~855~-375~180~gge11157~0^^855~-375^^M 855 -375 h 20~#880000^^1~877~-372~0~A~start~~~#0000FF^^1~870~-376~0~1~end~~~#0000FF^^0~872~-375^^0~M 875 -372 L 878 -375 L 875 -378#@$R~875~-381~2~2~60~32~#880000~1~0~none~gge11164~0~#@$PL~919 -360 919 -355 935 -355~#880000~1~0~none~gge11165~0#@$PL~919 -360 916 -361~#880000~1~0~none~gge11166~0#@$PL~915 -364 919 -360 918 -363~#880000~1~0~none~gge11167~0#@$PL~915 -370 915 -361~#880000~1~0~none~gge11168~0#@$PL~935 -375 919 -375 919 -370 915 -366~#880000~1~0~none~gge11169~0#@$PL~893 -363 896 -367 890 -367 893 -363~#880000~1~0~none~gge11170~0#@$PL~896 -363 890 -363~#880000~1~0~none~gge11171~0#@$PL~875 -375 893 -375 893 -355 875 -355~#880000~1~0~none~gge11172~0","LIB~1070~-415~package`RELAY-TH_SRD-XXVDC-XL-C`BOM_Supplier`LCSC`BOM_Manufacturer`SONGLE`BOM_Manufacturer Part`SRD-05VDC-SL-C`BOM_Supplier Part`C35449`BOM_JLCPCB Part Class`Extended Part`spicePre`R`spiceSymbolName`SRD-05VDC-SL-C`~270~0~ggec3ce8f879841aabb~318d2c3124b740ee9ca4dd4423ec5ad1~1ad9e429f6baf7994a4ece30762dc0a4~0~~yes~yes#@$T~N~1123.26~-366.38~270~#000080~Arial~~~~~comment~SRD-05VDC-SL-C~1~~gge11648~0~#@$T~P~1058.671875~-436.7421875~0~#000080~Arial~~~~~comment~RLY1~1~start~gge11650~0~#@$R~1025~-435~2~2~90~40~#880000~1~0~none~gge11652~0~#@$P~show~1~1~1045~-455~90~gge11653~0^^1045~-455^^M 1045 -455 v 20~#000000^^0~1048~-430~270~1~end~~~#000000^^1~1044~-440~270~1~start~~~#000000^^0~1045~-438^^0~M 1042 -435 L 1045 -432 L 1048 -435#@$P~show~1~2~1095~-455~90~gge11660~0^^1095~-455^^M 1095 -455 v 20~#000000^^0~1098~-430~270~2~end~~~#000000^^1~1094~-440~270~2~start~~~#000000^^0~1095~-438^^0~M 1092 -435 L 1095 -432 L 1098 -435#@$P~show~1~3~1095~-375~270~gge11667~0^^1095~-375^^M 1095 -375 v -20~#000000^^0~1098~-400~270~3~start~~~#000000^^1~1094~-390~270~3~end~~~#000000^^0~1095~-392^^0~M 1098 -395 L 1095 -398 L 1092 -395#@$P~show~1~4~1045~-375~270~gge11674~0^^1045~-375^^M 1045 -375 v -20~#000000^^0~1048~-400~270~4~start~~~#000000^^1~1044~-390~270~4~end~~~#000000^^0~1045~-392^^0~M 1048 -395 L 1045 -398 L 1042 -395#@$P~show~1~5~1075~-375~270~gge11681~0^^1075~-375^^M 1075 -375 v -20~#000000^^0~1078~-400~270~5~start~~~#000000^^1~1074~-390~270~5~end~~~#000000^^0~1075~-392^^0~M 1078 -395 L 1075 -398 L 1072 -395#@$PL~1045 -430 1045 -420~#880000~1~0~none~gge11688~0#@$PL~1045 -410 1045 -400~#880000~1~0~none~gge11689~0#@$PL~1035 -410 1035 -420 1055 -420 1055 -410 1035 -410~#880000~1~0~none~gge11690~0#@$A~M 1046 -400 A 1 1 0 1 0 1046 -399.998~~#880000~1~0~none~gge11691~0#@$A~M 1046 -430 A 1 1 0 1 0 1046 -429.998~~#880000~1~0~none~gge11692~0#@$PL~1075 -400 1075 -412 1085 -412~#880000~1~0~none~gge11693~0#@$PL~1095 -430 1095 -418~#880000~1~0~none~gge11694~0#@$PL~1095 -400 1095 -407~#880000~1~0~none~gge11695~0#@$PL~1085 -412 1100 -407~#880000~1~0~none~gge11696~0#@$A~M 1096 -430 A 1 1 0 1 0 1096 -429.998~~#880000~1~0~none~gge11697~0#@$A~M 1076 -400 A 1 1 0 1 0 1076 -399.998~~#880000~1~0~none~gge11698~0#@$A~M 1096 -400 A 1 1 0 1 0 1096 -399.998~~#880000~1~0~none~gge11699~0","LIB~1005~-355~package`TO-92-3_L4.9-W3.7-P1.27-L`BOM_Supplier`LCSC`BOM_Supplier Part`C713613`BOM_Manufacturer`LGE`BOM_Manufacturer Part`BC547B`Contributor`LCSC`BOM_JLCPCB Part Class`Extended Part`spicePre`Q`spiceSymbolName`BC547B_NPN_Transistor`~~0~gge950e6a037cdf870e~788941c795c04ec699d71ec014f661d4~94407123373e4a1690c7eb993a884255~0~~yes~yes#@$T~N~1018.42~-286.86~270~#000080~Arial~~~~~comment~BC547B_NPN~1~~gge12696~0~#@$T~P~1009~-351.796875~0~#000080~Arial~~~~~comment~Q1~1~start~gge12698~0~#@$PG~1005 -345 1002 -350 999 -346~#880000~1~0~#880000~gge12700~0#@$PL~995 -364 995 -346~#880000~1~0~none~gge12701~0#@$PL~995 -352 1005 -345~#880000~1~0~none~gge12702~0#@$PL~1005 -365 995 -358~#880000~1~0~none~gge12703~0#@$P~show~1~3~1005~-335~270~gge12704~0^^1005~-335^^M 1005 -335 v -10~#880000^^0~1008~-350~270~E~start~~~#0000FF^^0~1004~-345~270~3~end~~~#0000FF^^0~1005~-342^^0~M 1008 -345 L 1005 -348 L 1002 -345#@$P~show~1~1~1005~-375~90~gge12711~0^^1005~-375^^M 1005 -375 v 10~#880000^^0~1008~-360~270~C~end~~~#0000FF^^0~1004~-365~270~1~start~~~#0000FF^^0~1005~-368^^0~M 1002 -365 L 1005 -362 L 1008 -365#@$P~show~1~2~985~-355~180~gge12718~0^^985~-355^^M 985 -355 h 10~#880000^^0~1000~-352~0~B~start~~~#0000FF^^0~995~-356~0~2~end~~~#0000FF^^0~992~-355^^0~M 995 -352 L 998 -355 L 995 -358","LIB~965~-355~Power`1\/4W`Value`Value`package`AXIAL-0.4`Tolerance`\u00b11%`BOM_EasyEDA`E57439`BOM_Supplier Part`E57439`BOM_Supplier`EasyEDA`BOM_Manufacturer`UniOhm`BOM_Manufacturer Part`MFR0W4F2200A50`spicePre`R`spiceSymbolName`RESISTOR`~~0~gge63f081a2578ff52c~e7870df76a684accba936496553f47ac~9bd55fad47ad4f3aaa35851c70f2642b~0~~yes~yes#@$T~N~959.03125~-362~0~#000080~Arial~~~~~comment~1K ohm~1~start~gge12794~0~#@$T~P~959.03125~-370.71875~0~#000080~Arial~~~~~comment~R1~1~start~gge12796~0~#@$P~show~1~2~985~-355~0~gge12798~0^^985~-355^^M 985 -355 h -10~#000000^^0~970~-352~0~2~end~~~#000000^^0~980~-356~0~2~start~~~#000000^^0~978~-355^^0~M 975 -358 L 972 -355 L 975 -352#@$P~show~1~1~945~-355~180~gge12805~0^^945~-355^^M 945 -355 h 10~#000000^^0~960~-352~0~1~start~~~#000000^^0~950~-356~0~1~end~~~#000000^^0~952~-355^^0~M 955 -352 L 958 -355 L 955 -358#@$R~955~-359~~~20~8~#880000~1~0~none~gge12812~0~","LIB~835~-375~Power`1\/4W`Value`Value`package`AXIAL-0.4`Tolerance`\u00b11%`BOM_EasyEDA`E57439`BOM_Supplier Part`E57439`BOM_Supplier`EasyEDA`BOM_Manufacturer`UniOhm`BOM_Manufacturer Part`MFR0W4F2200A50`spicePre`R`spiceSymbolName`RESISTOR`~~0~ggeacd9add3f119ff0b~e7870df76a684accba936496553f47ac~9bd55fad47ad4f3aaa35851c70f2642b~0~~yes~yes#@$T~N~829.03125~-382~0~#000080~Arial~~~~~comment~330 ohm~1~start~gge12815~0~#@$T~P~829.03125~-390.71875~0~#000080~Arial~~~~~comment~R2~1~start~gge12817~0~#@$P~show~1~2~855~-375~0~gge12819~0^^855~-375^^M 855 -375 h -10~#000000^^0~840~-372~0~2~end~~~#000000^^0~850~-376~0~2~start~~~#000000^^0~848~-375^^0~M 845 -378 L 842 -375 L 845 -372#@$P~show~1~1~815~-375~180~gge12826~0^^815~-375^^M 815 -375 h 10~#000000^^0~830~-372~0~1~start~~~#000000^^0~820~-376~0~1~end~~~#000000^^0~822~-375^^0~M 825 -372 L 828 -375 L 825 -378#@$R~825~-379~~~20~8~#880000~1~0~none~gge12833~0~","LIB~1005~-415~package`DO-41_BD2.4-L4.7-P8.70-D0.9-RD`BOM_Supplier`LCSC`BOM_Supplier Part`C99656`BOM_Manufacturer`Diodes Incorporated`BOM_Manufacturer Part`1N4001-T`Contributor`LCSC`BOM_JLCPCB Part Class`Extended Part`spicePre`D`spiceSymbolName`1N4001_Diode`~270~0~gge842cd64f58c50e1c~c2803222ad4b48fb94db0de548a6280a~a5b1c97e580a4b60aec5c627fc414915~0~~yes~yes#@$T~N~993.43~-373.88~270~#000080~Arial~~~~~comment~1N4001_Diode~1~~gge12875~0~#@$T~P~1013~-411.5703125~0~#000080~Arial~~~~~comment~D1~1~start~gge12877~0~#@$PL~999 -420 1011 -420~#880000~1~0~none~gge12879~0#@$P~show~0~2~1005~-395~270~gge12880~0^^1005~-395^^M 1005 -395 v -15~#880000^^0~1008~-413~270~A~start~~~#0000FF^^0~1004~-404~270~2~end~~~#0000FF^^0~1005~-407^^0~M 1008 -410 L 1005 -413 L 1002 -410#@$P~show~0~1~1005~-435~90~gge12887~0^^1005~-435^^M 1005 -435 v 15~#880000^^0~1008~-417~270~C~end~~~#0000FF^^0~1004~-426~270~1~start~~~#0000FF^^0~1005~-423^^0~M 1002 -420 L 1005 -417 L 1008 -420#@$PT~M 1011 -410 L 1005 -420 L 999 -410 Z ~#880000~1~0~none~gge12894~0~","LIB~855~-335~package`LED0603_GREEN`BOM_Manufacturer`EVERLIGHT(\u53f0\u6e7e\u4ebf\u5149)`BOM_Manufacturer Part`19-217\/GHC-YR1S2\/3T`BOM_Supplier Part`C72043`BOM_Supplier`LCSC`link``Contributor`LCEDA_Lib`spicePre`L`spiceSymbolName`LED-0603_G`~270~0~ggeb448cf033892a89e~7b706fa666744f94a830dffb572df5db~cf6eca9c9efe444882712b3d5cec1885~0~~yes~yes#@$T~N~874~-322.84375~0~#000080~Arial~~~~~comment~LED-0603_G~1~start~gge14935~0~#@$T~P~874~-331.5703125~0~#000080~Arial~~~~~comment~LED2~1~start~gge14937~0~#@$P~show~0~2~855~-315~270~gge14939~0^^855~-315^^M 855 -315 v -15~#880000^^0~858~-332~270~2~start~~~#0000FF^^0~854~-328~270~2~end~~~#0000FF^^0~855~-327^^0~M 858 -330 L 855 -333 L 852 -330#@$P~show~0~1~855~-355~90~gge14946~0^^855~-355^^M 855 -355 v 15~#880000^^0~858~-338~270~1~end~~~#0000FF^^0~854~-342~270~1~start~~~#0000FF^^0~855~-343^^0~M 852 -340 L 855 -337 L 858 -340#@$PT~M 868 -319 L 866 -323 L 864 -321 Z ~#880000~1~0~#00FF00~gge14953~0~#@$PT~M 872 -323 L 870 -327 L 868 -325 Z ~#880000~1~0~#00FF00~gge14954~0~#@$PL~861 -326 865 -322~#880000~1~0~#880000~gge14955~0#@$PL~865 -330 869 -326~#880000~1~0~#880000~gge14956~0#@$PL~863 -330 847 -330~#880000~1~0~#FF0000~gge14957~0#@$PT~M 849 -340 L 855 -330 L 862 -340 Z ~#880000~1~0~#00FF00~gge14958~0~","F~part_netLabel_+5V~1005~-455~0~gge14985~~0^^1005~-455^^5V~#000000~997.421875~-466~0~start~1~Times New Roman~9pt~gge14987^^PL~1005 -465 1005 -455~#000000~1~0~none~gge14989~0^^PL~1000 -465 1010 -465~#000000~1~0~transparent~gge14990~0","W~810 -395 810 -455 1005 -455 1045 -455~#008800~1~0~none~gge14997~0","W~1005 -395 1005 -375 1045 -375~#008800~1~0~none~gge15000~0","W~945 -355 955 -355~#008800~1~0~none~gge15005~0","O~1095~-375~gge15011~M 1091 -379 L 1099 -371 M 1099 -379 L 1091 -371~#33cc33~0","F~part_netLabel_netPort~810~-395~0~gge15015~~0^^810~-395^^5V~#0000FF~801.3671875~-401.40625~0~end~1~Times New Roman~8pt~gge15017^^PL~810 -395 805 -390 790 -390 790 -400 805 -400 810 -395~#0000FF~1~0~transparent~gge15019~0","F~part_netLabel_netPort~810~-375~0~gge15020~~0^^810~-375^^RELAY_IN~#0000FF~814.359375~-381.40625~0~end~1~Times New Roman~8pt~gge15022^^PL~810 -375 805 -370 790 -370 790 -380 805 -380 810 -375~#0000FF~1~0~transparent~gge15024~0","F~part_netLabel_netPort~810~-355~0~gge15025~~0^^810~-355^^GND~#0000FF~806.5546875~-361.3984375~0~end~1~Times New Roman~8pt~gge15027^^PL~810 -355 805 -350 790 -350 790 -360 805 -360 810 -355~#0000FF~1~0~transparent~gge15029~0","W~815 -375 810 -375~#008800~1~0~none~gge15046~0","W~1005 -435 1005 -455~#008800~1~0~none~gge15049~0","W~955 -375 955 -380 955 -455~#008800~1~0~none~gge15050~0","W~810 -355 810 -315 1005 -315 1005 -335~#008800~1~0~none~gge15053~0","T~L~1085~-535~0~#FF0000~~9pt~~~~comment~RELAY~1~start~gge15055~0~pinpart","F~part_netLabel_netPort~1015~-695~0~gge15065~~0^^1015~-695^^N~#0000FF~983.45~-691.4~0~~1~Times New Roman~8pt~gge15067^^PL~1015 -695 1010 -690 995 -690 995 -700 1010 -700 1015 -695~#0000FF~1~0~transparent~gge15069~0","F~part_netLabel_netPort~1075~-375~90~gge15075~~0^^1075~-375^^L~#0000FF~1078.6~-343.45~270~~1~Times New Roman~8pt~gge15077^^PL~1075 -375 1080 -370 1080 -355 1070 -355 1070 -370 1075 -375~#0000FF~1~0~transparent~gge15079~0","F~part_netLabel_netPort~90~-450~180~gge15085~~0^^90~-450^^L~#0000FF~111.74~-446.45~0~~1~Times New Roman~8pt~gge15087^^PL~90 -450 95 -455 110 -455 110 -445 95 -445 90 -450~#0000FF~1~0~transparent~gge15089~0","F~part_netLabel_netPort~90~-460~180~gge15090~~0^^90~-460^^N~#0000FF~111.74~-456.45~0~~1~Times New Roman~8pt~gge15092^^PL~90 -460 95 -465 110 -465 110 -455 95 -455 90 -460~#0000FF~1~0~transparent~gge15094~0","W~250 -665 245 -665~#008800~1~0~none~gge15137~0","LIB~270~-665~Power`1\/4W`Value`Value`package`AXIAL-0.4`Tolerance`\u00b11%`BOM_EasyEDA`E57439`BOM_Supplier Part`E57439`BOM_Supplier`EasyEDA`BOM_Manufacturer`UniOhm`BOM_Manufacturer Part`MFR0W4F2200A50`spicePre`R`spiceSymbolName`RESISTOR`~~0~ggeaaabc35372b56dd7~e7870df76a684accba936496553f47ac~9bd55fad47ad4f3aaa35851c70f2642b~0~~yes~yes#@$T~N~264.03125~-672~0~#000080~Arial~~~~~comment~RESISTOR~1~start~gge15140~0~#@$T~P~264.03125~-681~0~#000080~Arial~~~~~comment~R3~1~start~gge15142~0~#@$P~show~1~2~290~-665~0~gge15144~0^^290~-665^^M 290 -665 h -10~#000000^^0~275~-662~0~2~end~~~#000000^^0~285~-666~0~2~start~~~#000000^^0~283~-665^^0~M 280 -668 L 277 -665 L 280 -662#@$P~show~1~1~250~-665~180~gge15151~0^^250~-665^^M 250 -665 h 10~#000000^^0~265~-662~0~1~start~~~#000000^^0~255~-666~0~1~end~~~#000000^^0~257~-665^^0~M 260 -662 L 263 -665 L 260 -668#@$R~260~-669~~~20~8~#880000~1~0~none~gge15158~0~","LIB~200~-595~package`DO-41_BD2.4-L4.7-P8.70-D0.9-RD`BOM_Supplier`LCSC`BOM_Supplier Part`C99656`BOM_Manufacturer`Diodes Incorporated`BOM_Manufacturer Part`1N4001-T`Contributor`LCSC`BOM_JLCPCB Part Class`Extended Part`spicePre`D`spiceSymbolName`1N4001_Diode`~180~0~gged709d48e8bd33a2a~c2803222ad4b48fb94db0de548a6280a~a5b1c97e580a4b60aec5c627fc414915~0~~yes~yes#@$T~N~194.03125~-604~0~#000080~Arial~~~~~comment~1N4001_Diode~1~start~gge15161~0~#@$T~P~194.03125~-613.0859375~0~#000080~Arial~~~~~comment~D4~1~start~gge15163~0~#@$PL~205 -601 205 -589~#880000~1~0~none~gge15165~0#@$P~show~0~2~180~-595~180~gge15166~0^^180~-595^^M 180 -595 h 15~#880000^^0~198~-592~0~A~start~~~#0000FF^^0~189~-596~0~2~end~~~#0000FF^^0~192~-595^^0~M 195 -592 L 198 -595 L 195 -598#@$P~show~0~1~220~-595~0~gge15173~0^^220~-595^^M 220 -595 h -15~#880000^^0~202~-592~0~C~end~~~#0000FF^^0~211~-596~0~1~start~~~#0000FF^^0~208~-595^^0~M 205 -598 L 202 -595 L 205 -592#@$PT~M 195 -589 L 205 -595 L 195 -601 Z ~#880000~1~0~none~gge15180~0~","LIB~200~-645~package`DO-41_BD2.4-L4.7-P8.70-D0.9-RD`BOM_Supplier`LCSC`BOM_Supplier Part`C99656`BOM_Manufacturer`Diodes Incorporated`BOM_Manufacturer Part`1N4001-T`Contributor`LCSC`BOM_JLCPCB Part Class`Extended Part`spicePre`D`spiceSymbolName`1N4001_Diode`~~0~gge975026519414f255~c2803222ad4b48fb94db0de548a6280a~a5b1c97e580a4b60aec5c627fc414915~0~~yes~yes#@$T~N~194.03125~-654~0~#000080~Arial~~~~~comment~1N4001_Diode~1~start~gge15183~0~#@$T~P~194.03125~-663.0859375~0~#000080~Arial~~~~~comment~D3~1~start~gge15185~0~#@$PL~195 -639 195 -651~#880000~1~0~none~gge15187~0#@$P~show~0~2~220~-645~0~gge15188~0^^220~-645^^M 220 -645 h -15~#880000^^0~202~-642~0~A~end~~~#0000FF^^0~211~-646~0~2~start~~~#0000FF^^0~208~-645^^0~M 205 -648 L 202 -645 L 205 -642#@$P~show~0~1~180~-645~180~gge15195~0^^180~-645^^M 180 -645 h 15~#880000^^0~198~-642~0~C~start~~~#0000FF^^0~189~-646~0~1~end~~~#0000FF^^0~192~-645^^0~M 195 -642 L 198 -645 L 195 -648#@$PT~M 205 -651 L 195 -645 L 205 -639 Z ~#880000~1~0~none~gge15202~0~","LIB~200~-680~package`DO-41_BD2.4-L4.7-P8.70-D0.9-RD`BOM_Supplier`LCSC`BOM_Supplier Part`C99656`BOM_Manufacturer`Diodes Incorporated`BOM_Manufacturer Part`1N4001-T`Contributor`LCSC`BOM_JLCPCB Part Class`Extended Part`spicePre`D`spiceSymbolName`1N4001_Diode`~~0~ggebf5a059ebfff847e~c2803222ad4b48fb94db0de548a6280a~a5b1c97e580a4b60aec5c627fc414915~0~~yes~yes#@$T~N~188.7890625~-686.796875~0~#000080~Arial~~~~~comment~1N4001_Diode~1~start~gge15205~0~#@$T~P~194.03125~-698.0859375~0~#000080~Arial~~~~~comment~D2~1~start~gge15207~0~#@$PL~195 -674 195 -686~#880000~1~0~none~gge15209~0#@$P~show~0~2~220~-680~0~gge15210~0^^220~-680^^M 220 -680 h -15~#880000^^0~202~-677~0~A~end~~~#0000FF^^0~211~-681~0~2~start~~~#0000FF^^0~208~-680^^0~M 205 -683 L 202 -680 L 205 -677#@$P~show~0~1~180~-680~180~gge15217~0^^180~-680^^M 180 -680 h 15~#880000^^0~198~-677~0~C~start~~~#0000FF^^0~189~-681~0~1~end~~~#0000FF^^0~192~-680^^0~M 195 -677 L 198 -680 L 195 -683#@$PT~M 205 -686 L 195 -680 L 205 -674 Z ~#880000~1~0~none~gge15224~0~","LIB~200~-725~package`DO-41_BD2.4-L4.7-P8.70-D0.9-RD`BOM_Supplier`LCSC`BOM_Supplier Part`C99656`BOM_Manufacturer`Diodes Incorporated`BOM_Manufacturer Part`1N4001-T`Contributor`LCSC`BOM_JLCPCB Part Class`Extended Part`spicePre`D`spiceSymbolName`1N4001_Diode`~180~0~gge3046e6d22e51474f~c2803222ad4b48fb94db0de548a6280a~a5b1c97e580a4b60aec5c627fc414915~0~~yes~yes#@$T~N~194.03125~-734~0~#000080~Arial~~~~~comment~1N4001_Diode~1~start~gge15227~0~#@$T~P~194.03125~-743.0859375~0~#000080~Arial~~~~~comment~D5~1~start~gge15229~0~#@$PL~205 -731 205 -719~#880000~1~0~none~gge15231~0#@$P~show~0~2~180~-725~180~gge15232~0^^180~-725^^M 180 -725 h 15~#880000^^0~198~-722~0~A~start~~~#0000FF^^0~189~-726~0~2~end~~~#0000FF^^0~192~-725^^0~M 195 -722 L 198 -725 L 195 -728#@$P~show~0~1~220~-725~0~gge15239~0^^220~-725^^M 220 -725 h -15~#880000^^0~202~-722~0~C~end~~~#0000FF^^0~211~-726~0~1~start~~~#0000FF^^0~208~-725^^0~M 205 -728 L 202 -725 L 205 -722#@$PT~M 195 -719 L 205 -725 L 195 -731 Z ~#880000~1~0~none~gge15246~0~","O~65~-665~gge15247~M 61 -669 L 69 -661 M 69 -669 L 61 -661~#33cc33~0","O~125~-655~gge15249~M 121 -659 L 129 -651 M 129 -659 L 121 -651~#33cc33~0","O~125~-665~gge15251~M 121 -669 L 129 -661 M 129 -669 L 121 -661~#33cc33~0","F~part_netLabel_+5V~430~-665~0~gge15253~~0^^430~-665^^5V~#000000~420~-677~0~start~1~Times New Roman~9pt~gge15255^^PL~430 -675 430 -665~#000000~1~0~transparent~gge15257~0^^PL~425 -675 435 -675~#000000~1~0~transparent~gge15258~0","W~300 -625 240 -625 240 -660 220 -660~#008800~1~0~none~gge15259~0","W~220 -680 220 -645~#008800~1~0~none~gge15260~0","W~360 -630 360 -625~#008800~1~0~none~gge15261~0","W~360 -660 360 -665~#008800~1~0~none~gge15262~0","F~part_netLabel_gnD~405~-625~0~gge15263~~0^^405~-625^^GND~#000000~392~-599~0~start~1~Times New Roman~9pt~gge15265^^PL~405 -615 405 -625~#000000~1~0~transparent~gge15267~0^^PL~396 -615 414 -615~#000000~1~0~transparent~gge15268~0^^PL~399 -613 411 -613~#000000~1~0~transparent~gge15269~0^^PL~402 -611 408 -611~#000000~1~0~transparent~gge15270~0^^PL~404 -609 406 -609~#000000~1~0~transparent~gge15271~0","W~395 -625 395 -675~#008800~1~0~none~gge15272~0","W~430 -630 430 -625 360 -625 300 -625 300 -630~#008800~1~0~none~gge15273~0","W~430 -660 430 -665 405 -665 405 -675~#008800~1~0~none~gge15274~0","W~300 -665 385 -665 385 -675~#008800~1~0~none~gge15275~0","LIB~430~-645~package`CAP-TH_BD5.0-P2.00-D0.8-FD`BOM_Supplier`LCSC`BOM_Manufacturer`ValuePro`BOM_Manufacturer Part`0.1UF 50V`nameAlias`Capacitance`BOM_Supplier Part`C28061`BOM_JLCPCB Part Class`Extended Part`spicePre`C`spiceSymbolName`0.1uF`~~0~gge6e1f068b9f6cbcab~3744bcbe1f464b01ae180f32d7d4b0c4~5be54c321bd14d348c8381ecaf5a69ca~0~~yes~yes#@$T~N~440~-632.796875~0~#000080~Arial~~~~~comment~100nF~1~start~gge15278~0~#@$T~P~440~-641.796875~0~#000080~Arial~~~~~comment~C1~1~start~gge15280~0~#@$PL~438 -647 422 -647~#880000~1~0~none~gge15282~0#@$P~show~1~1~430~-660~90~gge15283~0^^430~-660^^M 430 -660 v 10~#000000^^0~433~-645~270~1~end~~~#000000^^0~429~-655~270~1~start~~~#000000^^0~430~-653^^0~M 427 -650 L 430 -647 L 433 -650#@$P~show~1~2~430~-630~270~gge15290~0^^430~-630^^M 430 -630 v -10~#000000^^0~433~-645~270~2~start~~~#000000^^0~429~-635~270~2~end~~~#000000^^0~430~-637^^0~M 433 -640 L 430 -643 L 427 -640#@$PL~430 -650 430 -647~#880000~1~0~none~gge15297~0#@$PL~430 -643 430 -640~#880000~1~0~none~gge15298~0#@$A~M 437.67 -639.78 A 10 9 0 0 0 422.81 -640.25~~#880000~1~0~none~gge15299~0#@$PL~433 -655 433 -651~#880000~1~0~none~gge15300~0#@$PL~435 -653 431 -653~#880000~1~0~none~gge15301~0","W~125 -675 140 -675 140 -625 180 -625~#008800~1~0~none~gge15302~0","W~125 -685 140 -685 140 -700~#008800~1~0~none~gge15303~0","LIB~95~-665~package`IND-TH_7P-L11.4-W11.0-P2.50-D0.5-S8.00`BOM_Supplier`LCSC`BOM_Supplier Part`C433047`BOM_Manufacturer`TDK`BOM_Manufacturer Part`SRW10ES-U01V002`Contributor`LCSC`BOM_JLCPCB Part Class`Extended Part`spicePre`T`spiceSymbolName`SRW10ES-U01V002`~~0~gge0003189fccb31782~ff5d914027344a3087688ce039109ea5~f6395b1b6526448a9f9ec92993670955~0~~yes~yes#@$T~N~51.578125~-701.3984375~0~#000080~Arial~~~~~comment~SRW10ES-U01V002~1~start~gge15306~0~#@$T~P~89.5546875~-707.203125~0~#000080~Arial~~~~~comment~T1~1~start~gge15308~0~#@$P~show~0~1~65~-685~180~gge15310~0^^65~-685^^M 65 -685 h 10~#880000^^0~78.7~-681~0~1~start~~~#0000FF^^1~74.5~-686~0~1~end~~~#0000FF^^0~72~-685^^0~M 75 -682 L 78 -685 L 75 -688#@$E~80~-690~1.5~1.5~#880000~1~0~#880000~gge15317~0#@$R~75~-695~2~2~40~50~#880000~1~0~none~gge15318~0~#@$E~110~-650~1.5~1.5~#880000~1~0~#880000~gge15319~0#@$P~show~0~3~65~-665~180~gge15320~0^^65~-665^^M 65 -665 h 10~#880000^^0~78.7~-661~0~3~start~~~#0000FF^^1~74.5~-666~0~3~end~~~#0000FF^^0~72~-665^^0~M 75 -662 L 78 -665 L 75 -668#@$P~show~0~4~65~-655~180~gge15327~0^^65~-655^^M 65 -655 h 10~#880000^^0~78.7~-651~0~4~start~~~#0000FF^^1~74.5~-656~0~4~end~~~#0000FF^^0~72~-655^^0~M 75 -652 L 78 -655 L 75 -658#@$P~show~0~5~125~-655~0~gge15334~0^^125~-655^^M 125 -655 h -10~#880000^^0~111.3~-651~0~5~end~~~#0000FF^^1~115.5~-656~0~5~start~~~#0000FF^^0~118~-655^^0~M 115 -658 L 112 -655 L 115 -652#@$P~show~0~6~125~-665~0~gge15341~0^^125~-665^^M 125 -665 h -10~#880000^^0~111.3~-661~0~6~end~~~#0000FF^^1~115.5~-666~0~6~start~~~#0000FF^^0~118~-665^^0~M 115 -668 L 112 -665 L 115 -662#@$P~show~0~7~125~-675~0~gge15348~0^^125~-675^^M 125 -675 h -10~#880000^^0~111.3~-671~0~7~end~~~#0000FF^^1~115.5~-676~0~7~start~~~#0000FF^^0~118~-675^^0~M 115 -678 L 112 -675 L 115 -672#@$P~show~0~8~125~-685~0~gge15355~0^^125~-685^^M 125 -685 h -10~#880000^^0~111.3~-681~0~8~end~~~#0000FF^^1~115.5~-686~0~8~start~~~#0000FF^^0~118~-685^^0~M 115 -688 L 112 -685 L 115 -682#@$A~M 105.3619 -681.0173 A 3.9 4 0 1 1 105.3669 -688.9823~~#880000~1~0~none~gge15362~0#@$A~M 105.3599 -672.3843 A 3.9 4 0 1 1 105.3649 -680.3493~~#880000~1~0~none~gge15363~0#@$A~M 105.3599 -663.9173 A 3.9 4 0 1 1 105.3649 -671.8823~~#880000~1~0~none~gge15364~0#@$A~M 105.3629 -655.4343 A 3.9 4 0 1 1 105.3669 -663.3993~~#880000~1~0~none~gge15365~0#@$A~M 86.102 -655.4343 A 3.9 4 0 1 0 86.098 -663.3993~~#880000~1~0~none~gge15366~0#@$A~M 86.105 -663.9173 A 3.9 4 0 1 0 86.1 -671.8823~~#880000~1~0~none~gge15367~0#@$A~M 86.105 -672.3843 A 3.9 4 0 1 0 86.1 -680.3493~~#880000~1~0~none~gge15368~0#@$A~M 86.103 -681.0173 A 3.9 4 0 1 0 86.098 -688.9823~~#880000~1~0~none~gge15369~0","LIB~300~-645~package`CAP-TH_BD5.0-P2.00-D0.8-FD`BOM_Supplier`LCSC`BOM_Manufacturer`ValuePro`BOM_Manufacturer Part`0.1UF 50V`nameAlias`Capacitance`BOM_Supplier Part`C28061`BOM_JLCPCB Part Class`Extended Part`spicePre`C`spiceSymbolName`0.1uF`~~0~gge0a43fdcfdee57491~3744bcbe1f464b01ae180f32d7d4b0c4~5be54c321bd14d348c8381ecaf5a69ca~0~~yes~yes#@$T~N~310~-632.796875~0~#000080~Arial~~~~~comment~100nF~1~start~gge15401~0~#@$T~P~310~-641.796875~0~#000080~Arial~~~~~comment~C5~1~start~gge15403~0~#@$PL~308 -647 292 -647~#880000~1~0~none~gge15405~0#@$P~show~1~1~300~-660~90~gge15406~0^^300~-660^^M 300 -660 v 10~#000000^^0~303~-645~270~1~end~~~#000000^^0~299~-655~270~1~start~~~#000000^^0~300~-653^^0~M 297 -650 L 300 -647 L 303 -650#@$P~show~1~2~300~-630~270~gge15413~0^^300~-630^^M 300 -630 v -10~#000000^^0~303~-645~270~2~start~~~#000000^^0~299~-635~270~2~end~~~#000000^^0~300~-637^^0~M 303 -640 L 300 -643 L 297 -640#@$PL~300 -650 300 -647~#880000~1~0~none~gge15420~0#@$PL~300 -643 300 -640~#880000~1~0~none~gge15421~0#@$A~M 307.67 -639.78 A 10 9 0 0 0 292.81 -640.25~~#880000~1~0~none~gge15422~0#@$PL~303 -655 303 -651~#880000~1~0~none~gge15423~0#@$PL~305 -653 301 -653~#880000~1~0~none~gge15424~0","LIB~360~-645~package`CAP-TH_BD5.0-P2.00-D0.8-FD`BOM_Supplier`LCSC`BOM_Manufacturer`ValuePro`BOM_Manufacturer Part`0.1UF 50V`nameAlias`Capacitance`BOM_Supplier Part`C28061`BOM_JLCPCB Part Class`Extended Part`spicePre`C`spiceSymbolName`0.1uF`~~0~gge0af76844cfbe07cf~3744bcbe1f464b01ae180f32d7d4b0c4~5be54c321bd14d348c8381ecaf5a69ca~0~~yes~yes#@$T~N~370~-632.796875~0~#000080~Arial~~~~~comment~100nF~1~start~gge15427~0~#@$T~P~370~-641.796875~0~#000080~Arial~~~~~comment~C4~1~start~gge15429~0~#@$PL~368 -647 352 -647~#880000~1~0~none~gge15431~0#@$P~show~1~1~360~-660~90~gge15432~0^^360~-660^^M 360 -660 v 10~#000000^^0~363~-645~270~1~end~~~#000000^^0~359~-655~270~1~start~~~#000000^^0~360~-653^^0~M 357 -650 L 360 -647 L 363 -650#@$P~show~1~2~360~-630~270~gge15439~0^^360~-630^^M 360 -630 v -10~#000000^^0~363~-645~270~2~start~~~#000000^^0~359~-635~270~2~end~~~#000000^^0~360~-637^^0~M 363 -640 L 360 -643 L 357 -640#@$PL~360 -650 360 -647~#880000~1~0~none~gge15446~0#@$PL~360 -643 360 -640~#880000~1~0~none~gge15447~0#@$A~M 367.67 -639.78 A 10 9 0 0 0 352.81 -640.25~~#880000~1~0~none~gge15448~0#@$PL~363 -655 363 -651~#880000~1~0~none~gge15449~0#@$PL~365 -653 361 -653~#880000~1~0~none~gge15450~0","LIB~160~-700~package`FUSE-TH_BD4.0-L11.0-P15.00-D0.6`BOM_Supplier`LCSC`BOM_Supplier Part`C529652`BOM_Manufacturer`Hongda`BOM_Manufacturer Part`31TC1A250V`Contributor`LCSC`BOM_JLCPCB Part Class`Extended Part`spicePre`F`spiceSymbolName`31TC1A250V`~~0~gge040bbbca76fa1a75~011da724d4d64b7fa710c222462d2322~f5f19110241a4bffbf3272f552fe4ae9~0~~yes~yes#@$T~N~154.546875~-708~0~#000080~Arial~~~~~comment~31TC1A250V~1~start~gge15453~0~#@$T~P~154.5546875~-717~0~#000080~Arial~~~~~comment~F1~1~start~gge15455~0~#@$R~150~-705~~~20~10~#A00000~1~0~none~gge15457~0~#@$P~show~0~2~180~-700~0~gge15458~0^^180~-700^^M 170 -700 h 10~#800^^0~166~-700~0~2~end~~~#800^^0~174~-704~0~2~start~~~#800^^0~193~-700^^0~M 190 -703 L 187 -700 L 190 -697#@$P~show~0~1~140~-700~180~gge15465~0^^140~-700^^M 150 -700 h -10~#800^^0~154~-700~0~1~start~~~#800^^0~146~-704~0~1~end~~~#800^^0~127~-700^^0~M 130 -697 L 133 -700 L 130 -703#@$PL~150 -700 170 -700~#880000~1~0~none~gge15472~0","W~300 -660 300 -665 295 -665 285 -665~#008800~1~0~none~gge15473~0","W~220 -725 245 -725 245 -595 220 -595~#008800~1~0~none~gge15474~0","W~180 -595 180 -645~#008800~1~0~none~gge15475~0","W~180 -725 180 -680~#008800~1~0~none~gge15476~0","LIB~395~-710~package`TO-220-3_L10.0-W4.5-P2.54-L`BOM_Supplier`LCSC`BOM_Supplier Part`C305416`BOM_Manufacturer`Foshan Blue Rocket Elec`BOM_Manufacturer Part`7805`Contributor`LCSC`BOM_JLCPCB Part Class`Extended Part`spicePre`U`spiceSymbolName`7805`~90~0~gge2c065f6c84376c7b~948e610cffd14df79f04c73832b1409b~04b05a7850bf43eebfc59303dc817788~0~~yes~yes#@$T~N~389.03125~-748~0~#000080~Arial~~~~~comment~7805~1~start~gge15477~0~#@$T~P~389.03125~-757~0~#000080~Arial~~~~~comment~U2~1~start~gge15479~0~#@$R~375~-745~2~2~40~60~#880000~1~0~none~gge15481~0~#@$E~377.5~-687.5~1.5~1.5~#880000~1~0~#880000~gge15482~0#@$P~show~0~1~385~-675~270~gge15483~0^^385~-675^^M 385 -675 v -10~#880000^^1~389~-688.7~270~IN~start~~~#0000FF^^1~384~-684.5~270~1~end~~~#0000FF^^0~385~-682^^0~M 388 -685 L 385 -688 L 382 -685#@$P~show~0~2~395~-675~270~gge15490~0^^395~-675^^M 395 -675 v -10~#000000^^1~399~-688.7~270~GND~start~~~#000000^^1~394~-684.5~270~2~end~~~#000000^^0~395~-682^^0~M 398 -685 L 395 -688 L 392 -685#@$P~show~0~3~405~-675~270~gge15497~0^^405~-675^^M 405 -675 v -10~#880000^^1~409~-688.7~270~OUT~start~~~#0000FF^^1~404~-684.5~270~3~end~~~#0000FF^^0~405~-682^^0~M 408 -685 L 405 -688 L 402 -685","F~part_netLabel_netPort~60~-655~0~gge15539~~0^^60~-655^^N~#0000FF~31.05~-651.37~0~~1~Times New Roman~8pt~gge15541^^PL~60 -655 55 -650 40 -650 40 -660 55 -660 60 -655~#0000FF~1~0~transparent~gge15543~0","F~part_netLabel_netPort~60~-685~0~gge15544~~0^^60~-685^^L~#0000FF~32.53~-681.37~0~~1~Times New Roman~8pt~gge15546^^PL~60 -685 55 -680 40 -680 40 -690 55 -690 60 -685~#0000FF~1~0~transparent~gge15548~0","W~60 -655 65 -655~#008800~1~0~none~gge15549~0","W~60 -685 65 -685~#008800~1~0~none~gge15550~0","T~L~220~-355~0~#FF0000~~9pt~undefined~undefined~~comment~USB-UART~1~start~gge15551~0~pinpart","LIB~215~-175~package`SOIC-16_L9.9-W3.9-P1.27-LS6.0-BR`timeStamp`1468327462`BOM_Supplier`LCSC`BOM_Manufacturer`WCH`BOM_Manufacturer Part`CH340G`BOM_Supplier Part`C14267`BOM_JLCPCB Part Class`Basic Part`spicePre`U`spiceSymbolName`CH340G`~~0~gge5904a25f82d6df87~fd1e58475e0644f8ad3022026b80de99~6120522a8db139790c57da44f34e914a~0~~yes~yes#@$T~N~209.21875~-223.203125~0~#000080~Arial~~~~~comment~CH340G~1~start~gge15555~0~#@$T~P~209.21875~-232.203125~0~#000080~Arial~~~~~comment~U3~1~start~gge15557~0~#@$R~185~-220~2~2~60~90~#880000~1~0~none~gge15559~0~#@$E~190~-215~1.5~1.5~#880000~1~0~#880000~gge15560~0#@$P~show~0~1~175~-210~180~gge15561~0^^175~-210^^M 175 -210 h 10~#000000^^1~188.7~-206~0~GND~start~~~#000000^^1~184.5~-211~0~1~end~~~#000000^^0~182~-210^^0~M 185 -207 L 188 -210 L 185 -213#@$P~show~0~2~175~-200~180~gge15568~0^^175~-200^^M 175 -200 h 10~#880000^^1~188.7~-196~0~TXD~start~~~#0000FF^^1~184.5~-201~0~2~end~~~#0000FF^^0~182~-200^^0~M 185 -197 L 188 -200 L 185 -203#@$P~show~0~3~175~-190~180~gge15575~0^^175~-190^^M 175 -190 h 10~#880000^^1~188.7~-186~0~RXD~start~~~#0000FF^^1~184.5~-191~0~3~end~~~#0000FF^^0~182~-190^^0~M 185 -187 L 188 -190 L 185 -193#@$P~show~0~4~175~-180~180~gge15582~0^^175~-180^^M 175 -180 h 10~#880000^^1~188.7~-176~0~V3~start~~~#0000FF^^1~184.5~-181~0~4~end~~~#0000FF^^0~182~-180^^0~M 185 -177 L 188 -180 L 185 -183#@$P~show~0~5~175~-170~180~gge15589~0^^175~-170^^M 175 -170 h 10~#880000^^1~188.7~-166~0~UD+~start~~~#0000FF^^1~184.5~-171~0~5~end~~~#0000FF^^0~182~-170^^0~M 185 -167 L 188 -170 L 185 -173#@$P~show~0~6~175~-160~180~gge15596~0^^175~-160^^M 175 -160 h 10~#880000^^1~188.7~-156~0~UD-~start~~~#0000FF^^1~184.5~-161~0~6~end~~~#0000FF^^0~182~-160^^0~M 185 -157 L 188 -160 L 185 -163#@$P~show~0~7~175~-150~180~gge15603~0^^175~-150^^M 175 -150 h 10~#880000^^1~188.7~-146~0~XI~start~~~#0000FF^^1~184.5~-151~0~7~end~~~#0000FF^^0~182~-150^^0~M 185 -147 L 188 -150 L 185 -153#@$P~show~0~8~175~-140~180~gge15610~0^^175~-140^^M 175 -140 h 10~#880000^^1~188.7~-136~0~XO~start~~~#0000FF^^1~184.5~-141~0~8~end~~~#0000FF^^0~182~-140^^0~M 185 -137 L 188 -140 L 185 -143#@$P~show~0~9~255~-140~0~gge15617~0^^255~-140^^M 255 -140 h -10~#880000^^1~241.3~-136~0~CTS#~end~~~#0000FF^^1~245.5~-141~0~9~start~~~#0000FF^^0~248~-140^^0~M 245 -143 L 242 -140 L 245 -137#@$P~show~0~10~255~-150~0~gge15624~0^^255~-150^^M 255 -150 h -10~#880000^^1~241.3~-146~0~DSR#~end~~~#0000FF^^1~245.5~-151~0~10~start~~~#0000FF^^0~248~-150^^0~M 245 -153 L 242 -150 L 245 -147#@$P~show~0~11~255~-160~0~gge15631~0^^255~-160^^M 255 -160 h -10~#880000^^1~241.3~-156~0~RI~end~~~#0000FF^^1~245.5~-161~0~11~start~~~#0000FF^^0~248~-160^^0~M 245 -163 L 242 -160 L 245 -157#@$P~show~0~12~255~-170~0~gge15638~0^^255~-170^^M 255 -170 h -10~#880000^^1~241.3~-166~0~DCD#~end~~~#0000FF^^1~245.5~-171~0~12~start~~~#0000FF^^0~248~-170^^0~M 245 -173 L 242 -170 L 245 -167#@$P~show~0~13~255~-180~0~gge15645~0^^255~-180^^M 255 -180 h -10~#880000^^1~241.3~-176~0~DTR#~end~~~#0000FF^^1~245.5~-181~0~13~start~~~#0000FF^^0~248~-180^^0~M 245 -183 L 242 -180 L 245 -177#@$P~show~0~14~255~-190~0~gge15652~0^^255~-190^^M 255 -190 h -10~#880000^^1~241.3~-186~0~RTS#~end~~~#0000FF^^1~245.5~-191~0~14~start~~~#0000FF^^0~248~-190^^0~M 245 -193 L 242 -190 L 245 -187#@$P~show~0~15~255~-200~0~gge15659~0^^255~-200^^M 255 -200 h -10~#880000^^1~241.3~-196~0~R232~end~~~#0000FF^^1~245.5~-201~0~15~start~~~#0000FF^^0~248~-200^^0~M 245 -203 L 242 -200 L 245 -197#@$P~show~0~16~255~-210~0~gge15666~0^^255~-210^^M 255 -210 h -10~#FF0000^^1~241.3~-206~0~VCC~end~~~#FF0000^^1~245.5~-211~0~16~start~~~#FF0000^^0~248~-210^^0~M 245 -213 L 242 -210 L 245 -207","F~part_netLabel_netPort~160~-200~0~gge15793~~0^^160~-200^^TX~#0000FF~121.2~-196.41~0~~1~Times New Roman~8pt~gge15795^^PL~160 -200 155 -195 140 -195 140 -205 155 -205 160 -200~#0000FF~1~0~transparent~gge15797~0","F~part_netLabel_netPort~160~-190~0~gge15798~~0^^160~-190^^RX~#0000FF~121.2~-186.41~0~~1~Times New Roman~8pt~gge15800^^PL~160 -190 155 -185 140 -185 140 -195 155 -195 160 -190~#0000FF~1~0~transparent~gge15802~0","LIB~110~-145~Value`100nF`package`RAD-0.2`BOM_Supplier`LCSC`BOM_Manufacturer`LCSC`BOM_Manufacturer Part`0.1UF(104) +-20% 63v`BOM_Supplier Part`C19355`spicePre`C`spiceSymbolName`100nF`~270~0~gge1f04ac7adb7f1bc8~75844c5980bb4094beb1dc6c0a3a9856~4e7fa56269dd4f018bfac5e844795b92~0~~yes~yes#@$T~N~120~-132.796875~0~#000080~Arial~~~~~comment~100nF~1~start~gge16062~0~#@$T~P~120~-141.796875~0~#000080~Arial~~~~~comment~C2~1~start~gge16064~0~#@$PL~118 -147 102 -147~#880000~1~0~none~gge16066~0#@$PL~118 -143 102 -143~#880000~1~0~none~gge16067~0#@$P~show~1~1~110~-160~90~gge16068~0^^110~-160^^M 110 -160 v 10~#000000^^0~113~-145~270~1~end~~~#000000^^0~109~-155~270~1~start~~~#000000^^0~110~-153^^0~M 107 -150 L 110 -147 L 113 -150#@$P~show~1~2~110~-130~270~gge16075~0^^110~-130^^M 110 -130 v -10~#000000^^0~113~-145~270~2~start~~~#000000^^0~109~-135~270~2~end~~~#000000^^0~110~-137^^0~M 113 -140 L 110 -143 L 107 -140#@$PL~110 -150 110 -147~#880000~1~0~none~gge16082~0#@$PL~110 -143 110 -140~#880000~1~0~none~gge16083~0","F~part_netLabel_gnD~110~-130~0~gge16108~~0^^110~-130^^GND~#000000~97~-104~0~start~1~Times New Roman~9pt~gge16110^^PL~110 -120 110 -130~#000000~1~0~transparent~gge16112~0^^PL~101 -120 119 -120~#000000~1~0~transparent~gge16113~0^^PL~104 -118 116 -118~#000000~1~0~transparent~gge16114~0^^PL~107 -116 113 -116~#000000~1~0~transparent~gge16115~0^^PL~109 -114 111 -114~#000000~1~0~transparent~gge16116~0","W~175 -180 110 -180 110 -160~#008800~1~0~none~gge16126~0","W~175 -210 80 -210 80 -130~#008800~1~0~none~gge16129~0","F~part_netLabel_gnD~80~-130~0~gge16130~~0^^80~-130^^GND~#000000~67~-104~0~start~1~Times New Roman~9pt~gge16132^^PL~80 -120 80 -130~#000000~1~0~transparent~gge16134~0^^PL~71 -120 89 -120~#000000~1~0~transparent~gge16135~0^^PL~74 -118 86 -118~#000000~1~0~transparent~gge16136~0^^PL~77 -116 83 -116~#000000~1~0~transparent~gge16137~0^^PL~79 -114 81 -114~#000000~1~0~transparent~gge16138~0","LIB~185~-90~package`CRYSTAL-SMD_L7.0-W4.1-BL`BOM_Supplier`LCSC`BOM_Supplier Part`C555584`BOM_Manufacturer`JGHC(\u6676\u5149\u534e)`BOM_Manufacturer Part`S724000101030`JLCPCB Part Class`Extended Part`Contributor`LCSC`spicePre`X`spiceSymbolName`S724000101030`~180~0~gge5ef301ade7e7de3d~95a4e736bf6a45749ab8316e0ac9f862~13b0e254c1b44852af8269b88bc60ada~0~~yes~yes#@$T~N~200.5546875~-106.3984375~0~#000080~Arial~~~~~comment~S724000101030~1~start~gge17585~0~#@$T~P~179.6953125~-108.6015625~0~#000080~Arial~~~~~comment~X1~1~start~gge17587~0~#@$P~show~1~1~205~-90~0~gge17589~0^^205~-90^^M 205 -90 h -15~#000000^^0~188~-81~0~1~end~~~#000000^^1~197~-91~0~1~start~~~#000000^^0~193~-90^^0~M 190 -93 L 187 -90 L 190 -87#@$P~show~1~2~165~-90~180~gge17596~0^^165~-90^^M 165 -90 h 15~#000000^^0~182~-88~0~GND~start~~~#000000^^1~173~-91~0~2~end~~~#000000^^0~177~-90^^0~M 180 -87 L 183 -90 L 180 -93#@$PL~190 -97 190 -83~#881100~1~0~none~gge17603~0#@$PL~180 -97 180 -83~#881100~1~0~none~gge17604~0#@$R~183~-97~~~4~14~#880000~1~0~none~gge17605~0~","LIB~205~-75~package`C0805`BOM_Supplier`LCSC`BOM_Manufacturer`FH`BOM_Manufacturer Part`0805CG120J500NT`nameAlias`Capacitance`BOM_Supplier Part`C38142`spicePre`C`spiceSymbolName`0805CG120J500NT_C38142`~90~0~gge6eb411c307c162fb~2ee8eb13a0124a108e622ce40c0c25a8~b1591f61805fbb2d8f85b397308d40e9~0~~yes~yes#@$T~N~215~-62.796875~0~#000080~Arial~~~~~comment~12pF~1~start~gge17811~0~#@$T~P~215~-71.3984375~0~#000080~Arial~~~~~comment~C3~1~start~gge17813~0~#@$PL~197 -73 213 -73~#880000~1~0~none~gge17815~0#@$PL~197 -77 213 -77~#880000~1~0~none~gge17816~0#@$P~show~1~1~205~-60~270~gge17817~0^^205~-60^^M 205 -60 v -10~#000000^^0~208~-75~270~1~start~~~#000000^^0~204~-65~270~1~end~~~#000000^^0~205~-67^^0~M 208 -70 L 205 -73 L 202 -70#@$P~show~1~2~205~-90~90~gge17824~0^^205~-90^^M 205 -90 v 10~#000000^^0~208~-75~270~2~end~~~#000000^^0~204~-85~270~2~start~~~#000000^^0~205~-83^^0~M 202 -80 L 205 -77 L 208 -80#@$PL~205 -70 205 -73~#880000~1~0~none~gge17831~0#@$PL~205 -77 205 -80~#880000~1~0~none~gge17832~0","LIB~165~-75~package`C0805`BOM_Supplier`LCSC`BOM_Manufacturer`FH`BOM_Manufacturer Part`0805CG120J500NT`nameAlias`Capacitance`BOM_Supplier Part`C38142`spicePre`C`spiceSymbolName`0805CG120J500NT_C38142`~90~0~ggef7d7f45b94741c84~2ee8eb13a0124a108e622ce40c0c25a8~b1591f61805fbb2d8f85b397308d40e9~0~~yes~yes#@$T~N~175~-62.796875~0~#000080~Arial~~~~~comment~12pF~1~start~gge17835~0~#@$T~P~175~-71.3984375~0~#000080~Arial~~~~~comment~C6~1~start~gge17837~0~#@$PL~157 -73 173 -73~#880000~1~0~none~gge17839~0#@$PL~157 -77 173 -77~#880000~1~0~none~gge17840~0#@$P~show~1~1~165~-60~270~gge17841~0^^165~-60^^M 165 -60 v -10~#000000^^0~168~-75~270~1~start~~~#000000^^0~164~-65~270~1~end~~~#000000^^0~165~-67^^0~M 168 -70 L 165 -73 L 162 -70#@$P~show~1~2~165~-90~90~gge17848~0^^165~-90^^M 165 -90 v 10~#000000^^0~168~-75~270~2~end~~~#000000^^0~164~-85~270~2~start~~~#000000^^0~165~-83^^0~M 162 -80 L 165 -77 L 168 -80#@$PL~165 -70 165 -73~#880000~1~0~none~gge17855~0#@$PL~165 -77 165 -80~#880000~1~0~none~gge17856~0","LIB~125~-305~package`CONN-TH_B4B-PH-K-LF-SN`BOM_Supplier`LCSC`BOM_Supplier Part`C265289`BOM_Manufacturer`JST Sales America`BOM_Manufacturer Part`B4B-PH-K(LF)(SN)`Contributor`LCSC`BOM_JLCPCB Part Class`Extended Part`spicePre`U`spiceSymbolName`B4B-PH-K(LF)(SN)`~0~0~gge807d44d03f7221c9~3124c64bd1dd4989904a7ebb6ae75a95~e062a6282f474f4ca0c60c74366a3f41~0~~yes~yes#@$T~N~123.03125~-328~0~#000080~Arial~~~~~comment~B4B-PH-K(LF)(SN)~1~start~gge19161~0~#@$T~P~123.03125~-336.7265625~0~#000080~Arial~~~~~comment~U4~1~start~gge19163~0~#@$R~115~-325~2~2~40~50~#880000~1~0~none~gge19165~0~#@$E~120~-320~1.5~1.5~#880000~1~0~#880000~gge19166~0#@$P~show~0~1~105~-315~180~gge19167~0^^105~-315^^M 105 -315 h 10~#880000^^1~118.7~-311~0~1~start~~~#0000FF^^1~114.5~-316~0~1~end~~~#0000FF^^0~112~-315^^0~M 115 -312 L 118 -315 L 115 -318#@$P~show~0~2~105~-305~180~gge19174~0^^105~-305^^M 105 -305 h 10~#880000^^1~118.7~-301~0~2~start~~~#0000FF^^1~114.5~-306~0~2~end~~~#0000FF^^0~112~-305^^0~M 115 -302 L 118 -305 L 115 -308#@$P~show~0~3~105~-295~180~gge19181~0^^105~-295^^M 105 -295 h 10~#880000^^1~118.7~-291~0~3~start~~~#0000FF^^1~114.5~-296~0~3~end~~~#0000FF^^0~112~-295^^0~M 115 -292 L 118 -295 L 115 -298#@$P~show~0~4~105~-285~180~gge19188~0^^105~-285^^M 105 -285 h 10~#880000^^1~118.7~-281~0~4~start~~~#0000FF^^1~114.5~-286~0~4~end~~~#0000FF^^0~112~-285^^0~M 115 -282 L 118 -285 L 115 -288","W~175 -200 160 -200~#008800~1~0~none~gge19231~0","W~175 -190 160 -190~#008800~1~0~none~gge19232~0","F~part_netLabel_netPort~160~-170~0~gge19240~~0^^160~-170^^D+~#0000FF~121.2~-166.41~0~~1~Times New Roman~8pt~gge19242^^PL~160 -170 155 -165 140 -165 140 -175 155 -175 160 -170~#0000FF~1~0~transparent~gge19244~0","F~part_netLabel_netPort~160~-160~0~gge19245~~0^^160~-160^^D-~#0000FF~121.2~-156.41~0~~1~Times New Roman~8pt~gge19247^^PL~160 -160 155 -155 140 -155 140 -165 155 -165 160 -160~#0000FF~1~0~transparent~gge19249~0","F~part_netLabel_netPort~105~-305~0~gge19255~~0^^105~-305^^D+~#0000FF~69.37~-301.29~0~~1~Times New Roman~8pt~gge19257^^PL~105 -305 100 -300 85 -300 85 -310 100 -310 105 -305~#0000FF~1~0~transparent~gge19259~0","F~part_netLabel_netPort~105~-295~0~gge19260~~0^^105~-295^^D-~#0000FF~69.37~-291.29~0~~1~Times New Roman~8pt~gge19262^^PL~105 -295 100 -290 85 -290 85 -300 100 -300 105 -295~#0000FF~1~0~transparent~gge19264~0","F~part_netLabel_gnD~85~-275~0~gge19272~~0^^85~-275^^GND~#000000~72~-249~0~start~1~Times New Roman~9pt~gge19274^^PL~85 -265 85 -275~#000000~1~0~transparent~gge19276~0^^PL~76 -265 94 -265~#000000~1~0~transparent~gge19277~0^^PL~79 -263 91 -263~#000000~1~0~transparent~gge19278~0^^PL~82 -261 88 -261~#000000~1~0~transparent~gge19279~0^^PL~84 -259 86 -259~#000000~1~0~transparent~gge19280~0","W~105 -285 85 -285 85 -275~#008800~1~0~none~gge19290~0","W~160 -170 175 -170~#008800~1~0~none~gge19292~0","W~160 -160 175 -160~#008800~1~0~none~gge19293~0","F~part_netLabel_+5V~265~-225~0~gge19294~~0^^265~-225^^5V~#000000~257.5546875~-236~0~start~1~Times New Roman~9pt~gge19296^^PL~265 -235 265 -225~#000000~1~0~none~gge19298~0^^PL~260 -235 270 -235~#000000~1~0~transparent~gge19299~0","W~265 -225 265 -210 255 -210~#008800~1~0~none~gge19306~0","F~part_netLabel_+5V~85~-330~0~gge19308~~0^^85~-330^^5V~#000000~77.5546875~-341~0~start~1~Times New Roman~9pt~gge19310^^PL~85 -340 85 -330~#000000~1~0~none~gge19312~0^^PL~80 -340 90 -340~#000000~1~0~transparent~gge19313~0","W~85 -330 85 -315 105 -315~#008800~1~0~none~gge19316~0","LIB~695~-725~package`SOT-223_L6.5-W3.5-P2.30-LS7.0-BR`BOM_Supplier`LCSC`BOM_Manufacturer`TI`BOM_Manufacturer Part`LM1117IMPX-3.3\/NOPB`BOM_Supplier Part`C23984`BOM_JLCPCB Part Class`Extended Part`spicePre`U`spiceSymbolName`LM1117IMPX-3.3\/NOPB`~~0~gge9b71c03c791e47cc~4ca399a3887148eeab92cd3a98a855b3~40b2f190c781b6bf10008cc1d250c84b~0~~yes~yes#@$T~N~649.859375~-746.5703125~0~#000080~Arial~~~~~comment~LM1117IMPX-3.3\/NOPB~1~start~gge19360~0~#@$T~P~688.828125~-757.21875~0~#000080~Arial~~~~~comment~U5~1~start~gge19362~0~#@$R~665~-745~1~1~60~40~#880000~1~0~NONE~gge19364~0~#@$P~show~4~3~645~-735~180~gge19365~0^^645~-735^^M 645 -735 h 20~#880000^^1~668~-732~0~IN~start~~~#0000FF^^1~659~-736~0~3~end~~~#0000FF^^0~662~-735^^0~M 665 -732 L 668 -735 L 665 -738#@$P~show~4~2~745~-735~0~gge19372~0^^745~-735^^M 745 -735 h -20~#880000^^1~722~-732~0~OUT~end~~~#0000FF^^1~731~-736~0~2~start~~~#0000FF^^0~728~-735^^0~M 725 -738 L 722 -735 L 725 -732#@$P~show~4~1~745~-715~0~gge19379~0^^745~-715^^M 745 -715 h -20~#000000^^1~722~-712~0~GND~end~~~#000000^^1~731~-716~0~1~start~~~#000000^^0~728~-715^^0~M 725 -718 L 722 -715 L 725 -712#@$P~show~4~4~645~-715~180~gge19386~0^^645~-715^^M 645 -715 h 20~#880000^^1~668~-712~0~TAB~start~~~#0000FF^^1~659~-716~0~4~end~~~#0000FF^^0~662~-715^^0~M 665 -712 L 668 -715 L 665 -718","LIB~590~-735~package`CAP-TH_BD5.0-P2.00-D0.8-FD`BOM_Supplier`LCSC`BOM_Manufacturer`ValuePro`BOM_Manufacturer Part`10uF 16V 5*11`nameAlias`Capacitance`BOM_Supplier Part`C43799`BOM_JLCPCB Part Class`Extended Part`spicePre`C`spiceSymbolName`10uF 16V 5*11`~180~0~gge4cb163372836c87d~3744bcbe1f464b01ae180f32d7d4b0c4~831d946be333d4c89c4cb3d1d7daaac8~0~~yes~yes#@$T~N~583.828125~-746~0~#000080~Arial~~~~~comment~10uF~1~start~gge19455~0~#@$T~P~583.828125~-754.6015625~0~#000080~Arial~~~~~comment~C7~1~start~gge19457~0~#@$PL~592 -727 592 -743~#880000~1~0~none~gge19459~0#@$P~show~1~1~605~-735~0~gge19460~0^^605~-735^^M 605 -735 h -10~#000000^^0~590~-732~0~1~end~~~#000000^^0~600~-736~0~1~start~~~#000000^^0~598~-735^^0~M 595 -738 L 592 -735 L 595 -732#@$P~show~1~2~575~-735~180~gge19467~0^^575~-735^^M 575 -735 h 10~#000000^^0~590~-732~0~2~start~~~#000000^^0~580~-736~0~2~end~~~#000000^^0~582~-735^^0~M 585 -732 L 588 -735 L 585 -738#@$PL~595 -735 592 -735~#880000~1~0~none~gge19474~0#@$PL~588 -735 585 -735~#880000~1~0~none~gge19475~0#@$A~M 584.78 -727.33 A 9 10 0 0 0 585.25 -742.19~~#880000~1~0~none~gge19476~0#@$PL~600 -732 596 -732~#880000~1~0~none~gge19477~0#@$PL~598 -730 598 -734~#880000~1~0~none~gge19478~0","LIB~815~-735~package`CAP-TH_BD5.0-P2.00-D0.8-FD`BOM_Supplier`LCSC`BOM_Manufacturer`ValuePro`BOM_Manufacturer Part`10uF 16V 5*11`nameAlias`Capacitance`BOM_Supplier Part`C43799`BOM_JLCPCB Part Class`Extended Part`spicePre`C`spiceSymbolName`10uF 16V 5*11`~0~0~gge1dcbbe83a478d572~3744bcbe1f464b01ae180f32d7d4b0c4~831d946be333d4c89c4cb3d1d7daaac8~0~~yes~yes#@$T~N~808.828125~-746~0~#000080~Arial~~~~~comment~10uF~1~start~gge19481~0~#@$T~P~808.828125~-754.6015625~0~#000080~Arial~~~~~comment~C8~1~start~gge19483~0~#@$PL~813 -743 813 -727~#880000~1~0~none~gge19485~0#@$P~show~1~1~800~-735~180~gge19486~0^^800~-735^^M 800 -735 h 10~#000000^^0~815~-732~0~1~start~~~#000000^^0~805~-736~0~1~end~~~#000000^^0~807~-735^^0~M 810 -732 L 813 -735 L 810 -738#@$P~show~1~2~830~-735~0~gge19493~0^^830~-735^^M 830 -735 h -10~#000000^^0~815~-732~0~2~end~~~#000000^^0~825~-736~0~2~start~~~#000000^^0~823~-735^^0~M 820 -738 L 817 -735 L 820 -732#@$PL~810 -735 813 -735~#880000~1~0~none~gge19500~0#@$PL~817 -735 820 -735~#880000~1~0~none~gge19501~0#@$A~M 820.22 -742.67 A 9 10 0 0 0 819.75 -727.81~~#880000~1~0~none~gge19502~0#@$PL~805 -738 809 -738~#880000~1~0~none~gge19503~0#@$PL~807 -740 807 -736~#880000~1~0~none~gge19504~0","W~605 -735 645 -735~#008800~1~0~none~gge19531~0","W~745 -735 800 -735~#008800~1~0~none~gge19532~0","W~830 -735 830 -690 575 -690 575 -735~#008800~1~0~none~gge19533~0","W~745 -715 745 -690~#008800~1~0~none~gge19534~0","F~part_netLabel_gnD~705~-690~0~gge19536~~0^^705~-690^^GND~#000000~692~-664~0~start~1~Times New Roman~9pt~gge19538^^PL~705 -680 705 -690~#000000~1~0~transparent~gge19540~0^^PL~696 -680 714 -680~#000000~1~0~transparent~gge19541~0^^PL~699 -678 711 -678~#000000~1~0~transparent~gge19542~0^^PL~702 -676 708 -676~#000000~1~0~transparent~gge19543~0^^PL~704 -674 706 -674~#000000~1~0~transparent~gge19544~0","F~part_netLabel_+5V~630~-735~0~gge19558~~0^^630~-735^^5V~#000000~620~-747~0~start~1~Times New Roman~9pt~gge19560^^PL~630 -745 630 -735~#000000~1~0~none~gge19562~0^^PL~625 -745 635 -745~#000000~1~0~transparent~gge19563~0","F~part_netLabel_+5V~790~-735~0~gge19565~~0^^790~-735^^3.3V~#000000~780~-747~0~start~1~Times New Roman~9pt~gge19567^^PL~790 -745 790 -735~#000000~1~0~none~gge19569~0^^PL~785 -745 795 -745~#000000~1~0~transparent~gge19570~0","F~part_netLabel_+5V~630~-710~0~gge19579~~0^^630~-710^^3.3V~#000000~620~-722~0~start~1~Times New Roman~9pt~gge19581^^PL~630 -720 630 -710~#000000~1~0~none~gge19583~0^^PL~625 -720 635 -720~#000000~1~0~transparent~gge19584~0","W~630 -710 645 -710 645 -715~#008800~1~0~none~gge19586~0","LIB~520~-385~package`WIFIM-SMD_ESP-12F-ESP8266MOD`BOM_Supplier`LCSC`BOM_Manufacturer`Ai-Thinker`BOM_Manufacturer Part`ESP-12F(ESP8266MOD)`BOM_Supplier Part`C82891`BOM_JLCPCB Part Class`Extended Part`spicePre`U`spiceSymbolName`ESP-12F(ESP8266MOD)`~~0~gge8f7d363febbda532~21bb26c585544e17a64bb2b57131b3de~b5953d65a4054165b11dfc39ebcbd953~0~~yes~yes#@$T~N~513.828125~-450~0~#000080~Arial~~~~~comment~ESP-12F(ESP8266MOD)~1~start~gge19587~0~#@$T~P~513.828125~-458.609375~0~#000080~Arial~~~~~comment~U6~1~start~gge19589~0~#@$E~475~-442~1.5~1.5~#880000~1~0~#880000~gge19591~0#@$R~470~-447~2~2~100~112~#880000~1~0~none~gge19592~0~#@$E~475~-442~1.5~1.5~#880000~1~0~#880000~gge19593~0#@$P~show~0~1~450~-435~180~gge19594~0^^450~-435^^M 450 -435 h 20~#880000^^1~473.7~-431~0~RST~start~~~#0000FF^^1~464.5~-436~0~1~end~~~#0000FF^^0~467~-435^^0~M 470 -432 L 473 -435 L 470 -438#@$P~show~0~2~450~-425~180~gge19601~0^^450~-425^^M 450 -425 h 20~#880000^^1~473.7~-421~0~ADC~start~~~#0000FF^^1~464.5~-426~0~2~end~~~#0000FF^^0~467~-425^^0~M 470 -422 L 473 -425 L 470 -428#@$P~show~0~3~450~-415~180~gge19608~0^^450~-415^^M 450 -415 h 20~#880000^^1~473.7~-411~0~EN(CH-PD)~start~~~#0000FF^^1~464.5~-416~0~3~end~~~#0000FF^^0~467~-415^^0~M 470 -412 L 473 -415 L 470 -418#@$P~show~0~4~450~-405~180~gge19615~0^^450~-405^^M 450 -405 h 20~#880000^^1~473.7~-401~0~GPIO16~start~~~#0000FF^^1~464.5~-406~0~4~end~~~#0000FF^^0~467~-405^^0~M 470 -402 L 473 -405 L 470 -408#@$P~show~0~5~450~-395~180~gge19622~0^^450~-395^^M 450 -395 h 20~#880000^^1~473.7~-391~0~GPIO14~start~~~#0000FF^^1~464.5~-396~0~5~end~~~#0000FF^^0~467~-395^^0~M 470 -392 L 473 -395 L 470 -398#@$P~show~0~6~450~-385~180~gge19629~0^^450~-385^^M 450 -385 h 20~#880000^^1~473.7~-381~0~GPIO12~start~~~#0000FF^^1~464.5~-386~0~6~end~~~#0000FF^^0~467~-385^^0~M 470 -382 L 473 -385 L 470 -388#@$P~show~0~7~450~-375~180~gge19636~0^^450~-375^^M 450 -375 h 20~#880000^^1~473.7~-371~0~GPIO13~start~~~#0000FF^^1~464.5~-376~0~7~end~~~#0000FF^^0~467~-375^^0~M 470 -372 L 473 -375 L 470 -378#@$P~show~0~8~450~-365~180~gge19643~0^^450~-365^^M 450 -365 h 20~#FF0000^^1~473.7~-361~0~VCC~start~~~#FF0000^^1~464.5~-366~0~8~end~~~#FF0000^^0~467~-365^^0~M 470 -362 L 473 -365 L 470 -368#@$P~show~0~9~590~-365~0~gge19650~0^^590~-365^^M 590 -365 h -20~#880000^^1~566.3~-361~0~GND~end~~~#0000FF^^1~575.5~-366~0~9~start~~~#0000FF^^0~573~-365^^0~M 570 -368 L 567 -365 L 570 -362#@$P~show~0~10~590~-375~0~gge19657~0^^590~-375^^M 590 -375 h -20~#880000^^1~566.3~-371~0~IO15~end~~~#0000FF^^1~575.5~-376~0~10~start~~~#0000FF^^0~573~-375^^0~M 570 -378 L 567 -375 L 570 -372#@$P~show~0~11~590~-385~0~gge19664~0^^590~-385^^M 590 -385 h -20~#880000^^1~566.3~-381~0~IO2~end~~~#0000FF^^1~575.5~-386~0~11~start~~~#0000FF^^0~573~-385^^0~M 570 -388 L 567 -385 L 570 -382#@$P~show~0~12~590~-395~0~gge19671~0^^590~-395^^M 590 -395 h -20~#880000^^1~566.3~-391~0~IO0~end~~~#0000FF^^1~575.5~-396~0~12~start~~~#0000FF^^0~573~-395^^0~M 570 -398 L 567 -395 L 570 -392#@$P~show~0~13~590~-405~0~gge19678~0^^590~-405^^M 590 -405 h -20~#880000^^1~566.3~-401~0~IO4~end~~~#0000FF^^1~575.5~-406~0~13~start~~~#0000FF^^0~573~-405^^0~M 570 -408 L 567 -405 L 570 -402#@$P~show~0~14~590~-415~0~gge19685~0^^590~-415^^M 590 -415 h -20~#880000^^1~566.3~-411~0~IO5~end~~~#0000FF^^1~575.5~-416~0~14~start~~~#0000FF^^0~573~-415^^0~M 570 -418 L 567 -415 L 570 -412#@$P~show~0~15~590~-425~0~gge19692~0^^590~-425^^M 590 -425 h -20~#000000^^1~566.3~-421~0~RXD0~end~~~#000000^^1~575.5~-426~0~15~start~~~#000000^^0~573~-425^^0~M 570 -428 L 567 -425 L 570 -422#@$P~show~0~16~590~-435~0~gge19699~0^^590~-435^^M 590 -435 h -20~#880000^^1~566.3~-431~0~TXD0~end~~~#0000FF^^1~575.5~-436~0~16~start~~~#0000FF^^0~573~-435^^0~M 570 -438 L 567 -435 L 570 -432#@$P~show~0~17~495~-315~270~gge19706~0^^495~-315^^M 495 -315 v -20~#880000^^1~499~-338.7~270~CS0~start~~~#0000FF^^1~494~-329.5~270~17~end~~~#0000FF^^0~495~-332^^0~M 498 -335 L 495 -338 L 492 -335#@$P~show~0~18~505~-315~270~gge19713~0^^505~-315^^M 505 -315 v -20~#880000^^1~509~-338.7~270~MISO~start~~~#0000FF^^1~504~-329.5~270~18~end~~~#0000FF^^0~505~-332^^0~M 508 -335 L 505 -338 L 502 -335#@$P~show~0~19~515~-315~270~gge19720~0^^515~-315^^M 515 -315 v -20~#880000^^1~519~-338.7~270~IO9~start~~~#0000FF^^1~514~-329.5~270~19~end~~~#0000FF^^0~515~-332^^0~M 518 -335 L 515 -338 L 512 -335#@$P~show~0~20~525~-315~270~gge19727~0^^525~-315^^M 525 -315 v -20~#880000^^1~529~-338.7~270~IO10~start~~~#0000FF^^1~524~-329.5~270~20~end~~~#0000FF^^0~525~-332^^0~M 528 -335 L 525 -338 L 522 -335#@$P~show~0~21~535~-315~270~gge19734~0^^535~-315^^M 535 -315 v -20~#880000^^1~539~-338.7~270~MOSI~start~~~#0000FF^^1~534~-329.5~270~21~end~~~#0000FF^^0~535~-332^^0~M 538 -335 L 535 -338 L 532 -335#@$P~show~0~22~545~-315~270~gge19741~0^^545~-315^^M 545 -315 v -20~#880000^^1~549~-338.7~270~SCLK~start~~~#0000FF^^1~544~-329.5~270~22~end~~~#0000FF^^0~545~-332^^0~M 548 -335 L 545 -338 L 542 -335","F~part_netLabel_netPort~590~-435~180~gge19911~~0^^590~-435^^TX~#0000FF~614.37~-431.28~0~~1~Times New Roman~8pt~gge19913^^PL~590 -435 595 -440 610 -440 610 -430 595 -430 590 -435~#0000FF~1~0~transparent~gge19915~0","F~part_netLabel_netPort~590~-425~180~gge19916~~0^^590~-425^^RX~#0000FF~614.37~-421.28~0~~1~Times New Roman~8pt~gge19918^^PL~590 -425 595 -430 610 -430 610 -420 595 -420 590 -425~#0000FF~1~0~transparent~gge19920~0","F~part_netLabel_gnD~600~-365~0~gge19926~~0^^600~-365^^GND~#000000~587~-339~0~start~1~Times New Roman~9pt~gge19928^^PL~600 -355 600 -365~#000000~1~0~transparent~gge19930~0^^PL~591 -355 609 -355~#000000~1~0~transparent~gge19931~0^^PL~594 -353 606 -353~#000000~1~0~transparent~gge19932~0^^PL~597 -351 603 -351~#000000~1~0~transparent~gge19933~0^^PL~599 -349 601 -349~#000000~1~0~transparent~gge19934~0","W~600 -365 590 -365~#008800~1~0~none~gge19944~0","LIB~655~-395~package`R0402`BOM_Supplier`LCSC`BOM_Supplier Part`C149898`BOM_Manufacturer`Ever Ohms Tech`BOM_Manufacturer Part`TR0402D10KQ1025`nameAlias`Resistance (Ohms)`Contributor`LCSC`BOM_JLCPCB Part Class`Extended Part`spicePre`R`spiceSymbolName`TR0402D10KQ1025`~~0~ggedd3d2dd46bedf5dd~fafd024f554e426eb74cf4a204aa88b0~dfc8ca5124044f5fa671c996f1c3dbb0~0~~yes~yes#@$T~N~649.03125~-402~0~#000080~Arial~~~~~comment~10K~1~start~gge21264~0~#@$T~P~649.03125~-410.71875~0~#000080~Arial~~~~~comment~R4~1~start~gge21266~0~#@$R~645~-399~~~20~8~#A00000~1~0~none~gge21268~0~#@$P~show~0~2~675~-395~0~gge21269~0^^675~-395^^M 665 -395 h 10~#800^^0~661~-395~0~2~end~~~#800^^0~669~-399~0~2~start~~~#800^^0~688~-395^^0~M 685 -398 L 682 -395 L 685 -392#@$P~show~0~1~635~-395~180~gge21276~0^^635~-395^^M 645 -395 h -10~#800^^0~649~-395~0~1~start~~~#800^^0~641~-399~0~1~end~~~#800^^0~622~-395^^0~M 625 -392 L 628 -395 L 625 -398","LIB~625~-355~package`R0402`BOM_Supplier`LCSC`BOM_Supplier Part`C149898`BOM_Manufacturer`Ever Ohms Tech`BOM_Manufacturer Part`TR0402D10KQ1025`nameAlias`Resistance (Ohms)`Contributor`LCSC`BOM_JLCPCB Part Class`Extended Part`spicePre`R`spiceSymbolName`TR0402D10KQ1025`~90~0~gge565ff5362fab5ec0~fafd024f554e426eb74cf4a204aa88b0~dfc8ca5124044f5fa671c996f1c3dbb0~0~~yes~yes#@$T~N~631~-342.796875~0~#000080~Arial~~~~~comment~10K~1~start~gge21285~0~#@$T~P~631.0078125~-351.796875~0~#000080~Arial~~~~~comment~R5~1~start~gge21287~0~#@$R~621~-365~~~8~20~#A00000~1~0~none~gge21289~0~#@$P~show~0~2~625~-375~90~gge21290~0^^625~-375^^M 625 -365 v -10~#800^^0~625~-361~270~2~end~~~#800^^0~621~-369~270~2~start~~~#800^^0~625~-388^^0~M 622 -385 L 625 -382 L 628 -385#@$P~show~0~1~625~-335~270~gge21297~0^^625~-335^^M 625 -345 v 10~#800^^0~625~-349~270~1~start~~~#800^^0~621~-341~270~1~end~~~#800^^0~625~-322^^0~M 628 -325 L 625 -328 L 622 -325","LIB~400~-415~package`R0402`BOM_Supplier`LCSC`BOM_Supplier Part`C149898`BOM_Manufacturer`Ever Ohms Tech`BOM_Manufacturer Part`TR0402D10KQ1025`nameAlias`Resistance (Ohms)`Contributor`LCSC`BOM_JLCPCB Part Class`Extended Part`spicePre`R`spiceSymbolName`TR0402D10KQ1025`~180~0~gge8511933262b24e1a~fafd024f554e426eb74cf4a204aa88b0~dfc8ca5124044f5fa671c996f1c3dbb0~0~~yes~yes#@$T~N~394.03125~-392.796875~0~#000080~Arial~~~~~comment~10K~1~start~gge21306~0~#@$T~P~394.03125~-401.796875~0~#000080~Arial~~~~~comment~R6~1~start~gge21308~0~#@$R~390~-419~~~20~8~#A00000~1~0~none~gge21310~0~#@$P~show~0~2~380~-415~180~gge21311~0^^380~-415^^M 390 -415 h -10~#800^^0~394~-415~0~2~start~~~#800^^0~386~-419~0~2~end~~~#800^^0~367~-415^^0~M 370 -412 L 373 -415 L 370 -418#@$P~show~0~1~420~-415~0~gge21318~0^^420~-415^^M 410 -415 h 10~#800^^0~406~-415~0~1~end~~~#800^^0~414~-419~0~1~start~~~#800^^0~433~-415^^0~M 430 -418 L 427 -415 L 430 -412","LIB~685~-260~package`R0402`BOM_Supplier`LCSC`BOM_Supplier Part`C149898`BOM_Manufacturer`Ever Ohms Tech`BOM_Manufacturer Part`TR0402D10KQ1025`nameAlias`Resistance (Ohms)`Contributor`LCSC`BOM_JLCPCB Part Class`Extended Part`spicePre`R`spiceSymbolName`TR0402D10KQ1025`~90~0~gge7851959768b7cc09~fafd024f554e426eb74cf4a204aa88b0~dfc8ca5124044f5fa671c996f1c3dbb0~0~~yes~yes#@$T~N~691~-247.796875~0~#000080~Arial~~~~~comment~470 ohm~1~start~gge21327~0~#@$T~P~691~-256.796875~0~#000080~Arial~~~~~comment~R7~1~start~gge21329~0~#@$R~681~-270~~~8~20~#A00000~1~0~none~gge21331~0~#@$P~show~0~2~685~-280~90~gge21332~0^^685~-280^^M 685 -270 v -10~#800^^0~685~-266~270~2~end~~~#800^^0~681~-274~270~2~start~~~#800^^0~685~-293^^0~M 682 -290 L 685 -287 L 688 -290#@$P~show~0~1~685~-240~270~gge21339~0^^685~-240^^M 685 -250 v 10~#800^^0~685~-254~270~1~start~~~#800^^0~681~-246~270~1~end~~~#800^^0~685~-227^^0~M 688 -230 L 685 -233 L 682 -230","LIB~400~-435~package`R0402`BOM_Supplier`LCSC`BOM_Supplier Part`C149898`BOM_Manufacturer`Ever Ohms Tech`BOM_Manufacturer Part`TR0402D10KQ1025`nameAlias`Resistance (Ohms)`Contributor`LCSC`BOM_JLCPCB Part Class`Extended Part`spicePre`R`spiceSymbolName`TR0402D10KQ1025`~~0~ggea91444d687235e69~fafd024f554e426eb74cf4a204aa88b0~dfc8ca5124044f5fa671c996f1c3dbb0~0~~yes~yes#@$T~N~394.03125~-442~0~#000080~Arial~~~~~comment~10K~1~start~gge21348~0~#@$T~P~394.03125~-450.71875~0~#000080~Arial~~~~~comment~R8~1~start~gge21350~0~#@$R~390~-439~~~20~8~#A00000~1~0~none~gge21352~0~#@$P~show~0~2~420~-435~0~gge21353~0^^420~-435^^M 410 -435 h 10~#800^^0~406~-435~0~2~end~~~#800^^0~414~-439~0~2~start~~~#800^^0~433~-435^^0~M 430 -438 L 427 -435 L 430 -432#@$P~show~0~1~380~-435~180~gge21360~0^^380~-435^^M 390 -435 h -10~#800^^0~394~-435~0~1~start~~~#800^^0~386~-439~0~1~end~~~#800^^0~367~-435^^0~M 370 -432 L 373 -435 L 370 -438","F~part_netLabel_+5V~355~-470~0~gge21389~~0^^355~-470^^3.3V~#000000~345~-482~0~start~1~Times New Roman~9pt~gge21391^^PL~355 -480 355 -470~#000000~1~0~none~gge21393~0^^PL~350 -480 360 -480~#000000~1~0~transparent~gge21394~0","W~355 -470 355 -365 450 -365~#008800~1~0~none~gge21395~0","W~420 -415 450 -415~#008800~1~0~none~gge21398~0","W~380 -415 355 -415~#008800~1~0~none~gge21399~0","W~420 -435 450 -435~#008800~1~0~none~gge21401~0","W~380 -435 355 -435~#008800~1~0~none~gge21402~0","W~665 -340 665 -380 635 -380 635 -395 590 -395~#008800~1~0~none~gge21404~0","F~part_netLabel_+5V~675~-475~0~gge21406~~0^^675~-475^^3.3V~#000000~665~-487~0~start~1~Times New Roman~9pt~gge21408^^PL~675 -485 675 -475~#000000~1~0~none~gge21410~0^^PL~670 -485 680 -485~#000000~1~0~transparent~gge21411~0","W~675 -475 675 -395~#008800~1~0~none~gge21412~0","W~590 -375 625 -375~#008800~1~0~none~gge21413~0","F~part_netLabel_gnD~625~-330~0~gge21414~~0^^625~-330^^GND~#000000~612~-304~0~start~1~Times New Roman~9pt~gge21416^^PL~625 -320 625 -330~#000000~1~0~transparent~gge21418~0^^PL~616 -320 634 -320~#000000~1~0~transparent~gge21419~0^^PL~619 -318 631 -318~#000000~1~0~transparent~gge21420~0^^PL~622 -316 628 -316~#000000~1~0~transparent~gge21421~0^^PL~624 -314 626 -314~#000000~1~0~transparent~gge21422~0","W~625 -330 625 -335~#008800~1~0~none~gge21434~0","LIB~435~-475~package`SW-SMD_4P-L5.2-W5.2-P3.70-LS6.5`BOM_Supplier Part`C71830`BOM_Supplier`LCSC`BOM_Manufacturer`BBJ`BOM_Manufacturer Part`4*4*1.5Copper head,260G, 0.25mm,`spicePre`S`spiceSymbolName`Button-SMD-4x4x1.5`~90~0~gged831fd58cc195e38~3b069c8754e64b579ce3ae84fe015a11~8e75d14b9ab3956ca23d1d0be9749968~0~~yes~yes#@$T~N~424.890625~-500~0~#000080~Arial~~~~~comment~Button-SMD-4x4x1.5~0~start~gge23041~0~#@$T~P~424.890625~-508.609375~0~#000080~Arial~~~~~comment~SW1~1~start~gge22835~0~#@$P~show~0~3~415~-495~180~gge22837~0^^415~-495^^M 415 -495 h 10~#880000^^0~427~-492~0~3~start~~~#0000FF^^1~425~-496~0~3~end~~~#0000FF^^0~422~-495^^0~M 425 -492 L 428 -495 L 425 -498#@$P~show~0~4~455~-495~0~gge22844~0^^455~-495^^M 455 -495 h -10~#880000^^0~443~-492~0~4~end~~~#0000FF^^1~445~-496~0~4~start~~~#0000FF^^0~448~-495^^0~M 445 -498 L 442 -495 L 445 -492#@$P~show~0~1~415~-455~180~gge22851~0^^415~-455^^M 415 -455 h 10~#880000^^0~427~-452~0~1~start~~~#0000FF^^1~425~-456~0~1~end~~~#0000FF^^0~422~-455^^0~M 425 -452 L 428 -455 L 425 -458#@$P~show~0~2~455~-455~0~gge22858~0^^455~-455^^M 455 -455 h -10~#880000^^0~443~-452~0~2~end~~~#0000FF^^1~445~-456~0~2~start~~~#0000FF^^0~448~-455^^0~M 445 -458 L 442 -455 L 445 -452#@$PL~433 -467 425 -485~#880000~1~0~none~gge22865~0#@$PL~425 -455 445 -455~#880000~1~0~none~gge22866~0#@$PL~425 -495 445 -495~#880000~1~0~none~gge22867~0#@$PL~435 -488 435 -495~#880000~1~0~none~gge22868~0#@$PL~435 -462 435 -455~#880000~1~0~none~gge22869~0#@$E~435~-485~2.5~2.5~#880000~1~0~none~gge22870~0#@$E~435~-465~2.5~2.5~#880000~1~0~none~gge22871~0","LIB~685~-320~package`SW-SMD_4P-L5.2-W5.2-P3.70-LS6.5`BOM_Supplier Part`C71830`BOM_Supplier`LCSC`BOM_Manufacturer`BBJ`BOM_Manufacturer Part`4*4*1.5Copper head,260G, 0.25mm,`spicePre`S`spiceSymbolName`Button-SMD-4x4x1.5`~90~0~gge68b4a2eb32505868~3b069c8754e64b579ce3ae84fe015a11~8e75d14b9ab3956ca23d1d0be9749968~0~~yes~yes#@$T~N~718.6~-281.49~270~#000080~Arial~~~~~comment~Button-SMD-4x4x1.5~1~~gge22874~0~#@$T~P~674.6796875~-353.609375~0~#000080~Arial~~~~~comment~SW2~1~start~gge22876~0~#@$P~show~0~3~665~-340~180~gge22878~0^^665~-340^^M 665 -340 h 10~#880000^^0~677~-337~0~3~start~~~#0000FF^^1~675~-341~0~3~end~~~#0000FF^^0~672~-340^^0~M 675 -337 L 678 -340 L 675 -343#@$P~show~0~4~705~-340~0~gge22885~0^^705~-340^^M 705 -340 h -10~#880000^^0~693~-337~0~4~end~~~#0000FF^^1~695~-341~0~4~start~~~#0000FF^^0~698~-340^^0~M 695 -343 L 692 -340 L 695 -337#@$P~show~0~1~665~-300~180~gge22892~0^^665~-300^^M 665 -300 h 10~#880000^^0~677~-297~0~1~start~~~#0000FF^^1~675~-301~0~1~end~~~#0000FF^^0~672~-300^^0~M 675 -297 L 678 -300 L 675 -303#@$P~show~0~2~705~-300~0~gge22899~0^^705~-300^^M 705 -300 h -10~#880000^^0~693~-297~0~2~end~~~#0000FF^^1~695~-301~0~2~start~~~#0000FF^^0~698~-300^^0~M 695 -303 L 692 -300 L 695 -297#@$PL~683 -312 675 -330~#880000~1~0~none~gge22906~0#@$PL~675 -300 695 -300~#880000~1~0~none~gge22907~0#@$PL~675 -340 695 -340~#880000~1~0~none~gge22908~0#@$PL~685 -333 685 -340~#880000~1~0~none~gge22909~0#@$PL~685 -307 685 -300~#880000~1~0~none~gge22910~0#@$E~685~-330~2.5~2.5~#880000~1~0~none~gge22911~0#@$E~685~-310~2.5~2.5~#880000~1~0~none~gge22912~0","W~705 -340 705 -380 665 -380~#008800~1~0~none~gge22956~0","W~705 -300 705 -280 665 -280 665 -300~#008800~1~0~none~gge22958~0","F~part_netLabel_gnD~685~-235~0~gge22961~~0^^685~-235^^GND~#000000~672~-209~0~start~1~Times New Roman~9pt~gge22963^^PL~685 -225 685 -235~#000000~1~0~transparent~gge22965~0^^PL~676 -225 694 -225~#000000~1~0~transparent~gge22966~0^^PL~679 -223 691 -223~#000000~1~0~transparent~gge22967~0^^PL~682 -221 688 -221~#000000~1~0~transparent~gge22968~0^^PL~684 -219 686 -219~#000000~1~0~transparent~gge22969~0","W~685 -235 685 -240~#008800~1~0~none~gge22979~0","O~545~-315~gge22980~M 541 -319 L 549 -311 M 549 -319 L 541 -311~#33cc33~0","O~535~-315~gge22982~M 531 -319 L 539 -311 M 539 -319 L 531 -311~#33cc33~0","O~525~-315~gge22984~M 521 -319 L 529 -311 M 529 -319 L 521 -311~#33cc33~0","O~515~-315~gge22986~M 511 -319 L 519 -311 M 519 -319 L 511 -311~#33cc33~0","O~505~-315~gge22988~M 501 -319 L 509 -311 M 509 -319 L 501 -311~#33cc33~0","O~495~-315~gge22990~M 491 -319 L 499 -311 M 499 -319 L 491 -311~#33cc33~0","O~590~-385~gge22992~M 586 -389 L 594 -381 M 594 -389 L 586 -381~#33cc33~0","O~590~-405~gge22994~M 586 -409 L 594 -401 M 594 -409 L 586 -401~#33cc33~0","O~590~-415~gge22996~M 586 -419 L 594 -411 M 594 -419 L 586 -411~#33cc33~0","O~450~-395~gge22998~M 446 -399 L 454 -391 M 454 -399 L 446 -391~#33cc33~0","O~450~-385~gge23000~M 446 -389 L 454 -381 M 454 -389 L 446 -381~#33cc33~0","O~450~-425~gge23004~M 446 -429 L 454 -421 M 454 -429 L 446 -421~#33cc33~0","W~415 -455 415 -445 455 -445 455 -455~#008800~1~0~none~gge23008~0","W~435 -435 435 -445~#008800~1~0~none~gge23009~0","W~455 -495 455 -510 415 -510 415 -495~#008800~1~0~none~gge23012~0","W~505 -495 505 -525 435 -525 435 -510~#008800~1~0~none~gge23013~0","F~part_netLabel_gnD~505~-505~0~gge23015~~0^^505~-505^^GND~#000000~492~-479~0~start~1~Times New Roman~9pt~gge23017^^PL~505 -495 505 -505~#000000~1~0~transparent~gge23019~0^^PL~496 -495 514 -495~#000000~1~0~transparent~gge23020~0^^PL~499 -493 511 -493~#000000~1~0~transparent~gge23021~0^^PL~502 -491 508 -491~#000000~1~0~transparent~gge23022~0^^PL~504 -489 506 -489~#000000~1~0~transparent~gge23023~0","F~part_netLabel_netPort~445~-375~0~gge23035~~0^^445~-375^^RELAY_IN~#0000FF~420.53125~-371.421875~0~end~1~Times New Roman~8pt~gge23037^^PL~445 -375 440 -370 425 -370 425 -380 440 -380 445 -375~#0000FF~1~0~transparent~gge23039~0","W~445 -375 450 -375~#008800~1~0~none~gge23040~0","R~310~-550~~~425~355~#FF0000~2~1~none~gge23042~0~","T~L~575~-535~0~#FF0000~~9pt~undefined~undefined~~comment~ESP8266EX CONTROLLER~1~start~gge23043~0~pinpart","W~165 -60 205 -60~#008800~2~0~none~gge23047~0","W~175 -150 165 -150 165 -90~#008800~2~0~none~gge23048~0","W~205 -90 205 -125 175 -125 175 -140~#008800~2~0~none~gge23050~0","F~part_netLabel_gnD~185~-60~0~gge23052~~0^^185~-60^^GND~#000000~172~-34~0~start~1~Times New Roman~9pt~gge23054^^PL~185 -50 185 -60~#000000~1~0~transparent~gge23056~0^^PL~176 -50 194 -50~#000000~1~0~transparent~gge23057~0^^PL~179 -48 191 -48~#000000~1~0~transparent~gge23058~0^^PL~182 -46 188 -46~#000000~1~0~transparent~gge23059~0^^PL~184 -44 186 -44~#000000~1~0~transparent~gge23060~0","R~45~-370~~~245~345~#FF0000~2~1~none~gge23071~0~","R~45~-505~~~110~75~#FF0000~2~1~none~gge23072~0~","T~L~110~-490~0~#FF0000~~9pt~undefined~undefined~~comment~A\/C IN~1~start~gge23073~0~pinpart","R~25~-775~~~455~200~#FF0000~2~1~none~gge23077~0~","T~L~425~-760~0~#FF0000~~9pt~undefined~undefined~~comment~5V DC~1~start~gge23078~0~pinpart","R~560~-780~~~350~135~#FF0000~2~1~none~gge23082~0~","R~760~-550~~~375~355~#FF0000~2~1~none~gge23083~0~","T~L~855~-765~0~#FF0000~~9pt~undefined~undefined~~comment~3.3V DC~1~start~gge23084~0~pinpart","W~1020 -695 1015 -695~#008800~1~0~none~gge23090~0","R~930~-780~~~190~150~#FF0000~2~1~none~gge23091~0~","T~L~1060~-765~0~#FF0000~~9pt~undefined~undefined~~comment~A\/C OUT~1~start~gge23092~0~pinpart","F~part_netLabel_netPort~1015~-705~0~gge23096~~0^^1015~-705^^RELAY_OUT~#0000FF~932.59~-701.45~0~~1~Times New Roman~8pt~gge23098^^PL~1015 -705 1010 -700 995 -700 995 -710 1010 -710 1015 -705~#0000FF~1~0~transparent~gge23100~0","W~1015 -705 1020 -705~#008800~1~0~none~gge23106~0","F~part_netLabel_netPort~1095~-455~270~gge23108~~0^^1095~-455^^RELAY_OUT~#0000FF~1063.76~-481.44~0~~1~Times New Roman~8pt~gge23110^^PL~1095 -455 1090 -460 1090 -475 1100 -475 1100 -460 1095 -455~#0000FF~1~0~transparent~gge23112~0","J~1005~-375~2.5~#CC0000~gge15040~0","J~1005~-455~2.5~#CC0000~gge15048~0","J~955~-455~2.5~#CC0000~gge15051~0","J~855~-315~2.5~#CC0000~gge15054~0","J~245~-665~2.5~#CC0000~gge15101~0","J~290~-665~2.5~#CC0000~gge15104~0","J~430~-665~2.5~#CC0000~gge15107~0","J~220~-660~2.5~#CC0000~gge15110~0","J~300~-625~2.5~#CC0000~gge15113~0","J~360~-625~2.5~#CC0000~gge15116~0","J~395~-625~2.5~#CC0000~gge15119~0","J~405~-625~2.5~#CC0000~gge15122~0","J~360~-665~2.5~#CC0000~gge15125~0","J~300~-665~2.5~#CC0000~gge15128~0","J~180~-625~2.5~#CC0000~gge15131~0","J~180~-700~2.5~#CC0000~gge15134~0","J~745~-690~2.5~#CC0000~gge19535~0","J~705~-690~2.5~#CC0000~gge19545~0","J~630~-735~2.5~#CC0000~gge19564~0","J~790~-735~2.5~#CC0000~gge19571~0","J~355~-415~2.5~#CC0000~gge21400~0","J~355~-435~2.5~#CC0000~gge21403~0","J~635~-395~2.5~#CC0000~gge22955~0","J~665~-380~2.5~#CC0000~gge22957~0","J~685~-280~2.5~#CC0000~gge22960~0","J~435~-435~2.5~#CC0000~gge23010~0","J~435~-445~2.5~#CC0000~gge23011~0","J~435~-510~2.5~#CC0000~gge23014~0","J~505~-505~2.5~#CC0000~gge23033~0","J~165~-90~2.5~#CC0000~gge23049~0","J~205~-90~2.5~#CC0000~gge23051~0","J~185~-60~2.5~#CC0000~gge23061~0"],"BBox":{"x":0,"y":-807.1,"width":1149,"height":807.8},"colors":[]}}],"docType":5,"title":"smart switch","name":"smart switch"}